customer_id,avg_basket_30d,recency_days,nb_orders_90d,category_pref,week
6000,5.44,22.4,2,Mode,reference_S-8_a_S-1
6001,19.61,12.7,2,Livres,reference_S-8_a_S-1
6002,29.69,21.5,4,Maison,reference_S-8_a_S-1
6003,137.11,2.4,3,Maison,reference_S-8_a_S-1
6004,59.4,12.7,2,Mode,reference_S-8_a_S-1
6005,9.02,4.4,3,Maison,reference_S-8_a_S-1
6006,38.72,3.9,6,Maison,reference_S-8_a_S-1
6007,100.78,0.2,8,Mode,reference_S-8_a_S-1
6008,25.53,2.1,3,Livres,reference_S-8_a_S-1
6009,84.97,5.6,0,Beaute,reference_S-8_a_S-1
6010,9.35,1.9,5,Sport,reference_S-8_a_S-1
6011,0.81,63.9,3,Maison,reference_S-8_a_S-1
6012,93.65,5.5,4,Maison,reference_S-8_a_S-1
6013,28.43,2.1,3,Electronique,reference_S-8_a_S-1
6014,30.34,3.3,2,Mode,reference_S-8_a_S-1
6015,48.12,13.3,3,Sport,reference_S-8_a_S-1
6016,57.91,1.0,1,Maison,reference_S-8_a_S-1
6017,1.9,29.8,3,Beaute,reference_S-8_a_S-1
6018,23.83,48.9,0,Electronique,reference_S-8_a_S-1
6019,43.6,4.3,1,Maison,reference_S-8_a_S-1
6020,57.82,9.0,3,Maison,reference_S-8_a_S-1
6021,17.68,0.3,1,Maison,reference_S-8_a_S-1
6022,35.35,15.4,0,Beaute,reference_S-8_a_S-1
6023,25.46,8.0,0,Livres,reference_S-8_a_S-1
6024,49.33,4.7,4,Electronique,reference_S-8_a_S-1
6025,91.39,3.5,3,Electronique,reference_S-8_a_S-1
6026,31.73,15.9,4,Electronique,reference_S-8_a_S-1
6027,11.22,8.1,7,Sport,reference_S-8_a_S-1
6028,22.71,3.0,3,Mode,reference_S-8_a_S-1
6029,126.49,17.5,1,Sport,reference_S-8_a_S-1
6030,19.68,12.5,3,Mode,reference_S-8_a_S-1
6031,13.66,29.4,3,Maison,reference_S-8_a_S-1
6032,30.16,1.9,2,Sport,reference_S-8_a_S-1
6033,38.72,23.1,7,Maison,reference_S-8_a_S-1
6034,26.81,16.8,2,Maison,reference_S-8_a_S-1
6035,9.41,1.8,4,Electronique,reference_S-8_a_S-1
6036,52.93,17.8,3,Mode,reference_S-8_a_S-1
6037,49.37,8.7,2,Maison,reference_S-8_a_S-1
6038,68.26,43.5,0,Maison,reference_S-8_a_S-1
6039,48.54,2.3,7,Livres,reference_S-8_a_S-1
6040,119.64,15.4,5,Livres,reference_S-8_a_S-1
6041,72.03,7.2,5,Beaute,reference_S-8_a_S-1
6042,62.19,47.1,1,Mode,reference_S-8_a_S-1
6043,93.67,6.0,4,Sport,reference_S-8_a_S-1
6044,46.36,49.1,4,Mode,reference_S-8_a_S-1
6045,35.95,34.8,2,Electronique,reference_S-8_a_S-1
6046,52.49,4.7,1,Mode,reference_S-8_a_S-1
6047,5.09,24.4,4,Electronique,reference_S-8_a_S-1
6048,46.47,81.4,5,Mode,reference_S-8_a_S-1
6049,38.69,4.4,5,Maison,reference_S-8_a_S-1
6050,56.73,8.6,2,Livres,reference_S-8_a_S-1
6051,85.14,11.0,6,Mode,reference_S-8_a_S-1
6052,63.48,5.2,3,Livres,reference_S-8_a_S-1
6053,22.76,0.2,4,Electronique,reference_S-8_a_S-1
6054,75.83,3.7,4,Electronique,reference_S-8_a_S-1
6055,120.8,5.0,2,Maison,reference_S-8_a_S-1
6056,86.65,8.8,10,Sport,reference_S-8_a_S-1
6057,12.31,2.8,4,Electronique,reference_S-8_a_S-1
6058,63.01,31.0,3,Electronique,reference_S-8_a_S-1
6059,14.29,18.3,0,Maison,reference_S-8_a_S-1
6060,33.18,1.3,2,Mode,reference_S-8_a_S-1
6061,55.52,15.8,2,Sport,reference_S-8_a_S-1
6062,50.32,15.9,1,Maison,reference_S-8_a_S-1
6063,85.51,46.9,4,Electronique,reference_S-8_a_S-1
6064,121.18,0.0,4,Beaute,reference_S-8_a_S-1
6065,59.62,,2,Mode,reference_S-8_a_S-1
6066,31.15,39.4,3,Sport,reference_S-8_a_S-1
6067,5.43,40.4,6,Sport,reference_S-8_a_S-1
6068,100.34,19.1,2,Livres,reference_S-8_a_S-1
6069,38.85,21.8,2,Maison,reference_S-8_a_S-1
6070,40.47,1.4,4,Maison,reference_S-8_a_S-1
6071,43.01,10.8,5,Mode,reference_S-8_a_S-1
6072,57.66,4.0,2,Sport,reference_S-8_a_S-1
6073,58.89,3.0,2,Maison,reference_S-8_a_S-1
6074,33.61,24.9,4,Mode,reference_S-8_a_S-1
6075,38.55,2.2,3,Beaute,reference_S-8_a_S-1
6076,25.08,9.5,4,Electronique,reference_S-8_a_S-1
6077,22.75,41.8,3,Beaute,reference_S-8_a_S-1
6078,22.65,3.1,2,Beaute,reference_S-8_a_S-1
6079,38.2,57.2,5,Maison,reference_S-8_a_S-1
6080,18.91,77.5,0,Maison,reference_S-8_a_S-1
6081,0.65,12.2,4,Mode,reference_S-8_a_S-1
6082,30.7,2.8,3,Livres,reference_S-8_a_S-1
6083,13.13,5.7,1,Electronique,reference_S-8_a_S-1
6084,45.3,8.3,4,Maison,reference_S-8_a_S-1
6085,25.0,5.6,4,Sport,reference_S-8_a_S-1
6086,58.18,4.9,3,Livres,reference_S-8_a_S-1
6087,14.41,53.8,0,Sport,reference_S-8_a_S-1
6088,6.84,2.5,3,Maison,reference_S-8_a_S-1
6089,38.63,19.8,5,Electronique,reference_S-8_a_S-1
6090,29.63,0.0,1,Mode,reference_S-8_a_S-1
6091,11.97,13.6,5,Electronique,reference_S-8_a_S-1
6092,72.07,37.1,2,Beaute,reference_S-8_a_S-1
6093,16.97,5.1,2,Sport,reference_S-8_a_S-1
6094,21.79,3.1,2,Sport,reference_S-8_a_S-1
6095,81.74,15.8,3,Sport,reference_S-8_a_S-1
6096,60.62,18.7,5,Maison,reference_S-8_a_S-1
6097,15.23,17.5,5,Electronique,reference_S-8_a_S-1
6098,31.88,5.8,2,Mode,reference_S-8_a_S-1
6099,13.75,,3,Electronique,reference_S-8_a_S-1
6100,77.68,46.8,0,Sport,reference_S-8_a_S-1
6101,77.64,38.5,4,Electronique,reference_S-8_a_S-1
6102,133.01,9.2,2,Sport,reference_S-8_a_S-1
6103,167.21,28.1,8,Sport,reference_S-8_a_S-1
6104,24.74,9.0,5,Maison,reference_S-8_a_S-1
6105,69.16,8.3,4,Electronique,reference_S-8_a_S-1
6106,5.65,2.6,3,Mode,reference_S-8_a_S-1
6107,47.93,8.3,3,Mode,reference_S-8_a_S-1
6108,56.96,11.6,1,Sport,reference_S-8_a_S-1
6109,17.87,0.3,1,Electronique,reference_S-8_a_S-1
6110,23.41,8.8,3,Beaute,reference_S-8_a_S-1
6111,78.01,22.8,4,Sport,reference_S-8_a_S-1
6112,57.99,17.1,2,Electronique,reference_S-8_a_S-1
6113,121.96,15.1,2,Sport,reference_S-8_a_S-1
6114,112.7,36.0,4,Sport,reference_S-8_a_S-1
6115,7.81,0.3,2,Sport,reference_S-8_a_S-1
6116,26.93,12.2,3,Electronique,reference_S-8_a_S-1
6117,16.13,23.2,2,Electronique,reference_S-8_a_S-1
6118,71.21,11.7,1,Electronique,reference_S-8_a_S-1
6119,51.51,5.9,4,Mode,reference_S-8_a_S-1
6120,17.22,2.2,3,Sport,reference_S-8_a_S-1
6121,19.88,32.8,2,Sport,reference_S-8_a_S-1
6122,96.41,9.5,4,Livres,reference_S-8_a_S-1
6123,29.58,31.6,2,Electronique,reference_S-8_a_S-1
6124,4.52,13.2,3,Electronique,reference_S-8_a_S-1
6125,15.78,16.8,0,Sport,reference_S-8_a_S-1
6126,138.81,24.5,4,Mode,reference_S-8_a_S-1
6127,83.37,16.1,4,Mode,reference_S-8_a_S-1
6128,12.87,7.6,3,Maison,reference_S-8_a_S-1
6129,47.92,10.8,0,Electronique,reference_S-8_a_S-1
6130,79.86,24.4,0,Maison,reference_S-8_a_S-1
6131,7.68,7.0,3,Mode,reference_S-8_a_S-1
6132,86.03,7.4,2,Maison,reference_S-8_a_S-1
6133,57.59,,3,Beaute,reference_S-8_a_S-1
6134,22.2,36.9,2,Electronique,reference_S-8_a_S-1
6135,64.33,1.4,6,Livres,reference_S-8_a_S-1
6136,52.05,15.7,4,Maison,reference_S-8_a_S-1
6137,54.69,8.0,3,Livres,reference_S-8_a_S-1
6138,46.63,7.8,4,Electronique,reference_S-8_a_S-1
6139,19.21,17.1,6,Maison,reference_S-8_a_S-1
6140,22.65,1.0,3,Mode,reference_S-8_a_S-1
6141,34.44,13.5,0,Sport,reference_S-8_a_S-1
6142,43.17,22.2,0,Maison,reference_S-8_a_S-1
6143,67.04,26.4,7,Maison,reference_S-8_a_S-1
6144,140.97,2.8,5,Livres,reference_S-8_a_S-1
6145,49.59,34.2,2,Mode,reference_S-8_a_S-1
6146,66.21,16.0,6,Electronique,reference_S-8_a_S-1
6147,77.08,32.0,6,Maison,reference_S-8_a_S-1
6148,69.54,10.0,2,Maison,reference_S-8_a_S-1
6149,18.54,11.7,4,Mode,reference_S-8_a_S-1
6150,102.51,37.7,2,Maison,reference_S-8_a_S-1
6151,92.0,34.5,1,Livres,reference_S-8_a_S-1
6152,46.15,8.9,5,Sport,reference_S-8_a_S-1
6153,19.58,4.8,7,Electronique,reference_S-8_a_S-1
6154,42.64,7.5,0,Electronique,reference_S-8_a_S-1
6155,8.86,7.4,2,Livres,reference_S-8_a_S-1
6156,111.46,5.1,0,Sport,reference_S-8_a_S-1
6157,24.51,4.7,4,Livres,reference_S-8_a_S-1
6158,33.04,29.6,5,Mode,reference_S-8_a_S-1
6159,106.27,1.1,2,Sport,reference_S-8_a_S-1
6160,97.96,17.0,1,Sport,reference_S-8_a_S-1
6161,53.56,2.8,3,Mode,reference_S-8_a_S-1
6162,122.57,6.3,2,Maison,reference_S-8_a_S-1
6163,17.99,1.0,3,Maison,reference_S-8_a_S-1
6164,53.58,4.7,3,Maison,reference_S-8_a_S-1
6165,18.13,21.9,5,Beaute,reference_S-8_a_S-1
6166,88.25,32.4,4,Beaute,reference_S-8_a_S-1
6167,86.17,3.8,2,Beaute,reference_S-8_a_S-1
6168,128.28,9.3,7,Beaute,reference_S-8_a_S-1
6169,41.66,9.5,3,Maison,reference_S-8_a_S-1
6170,151.77,31.0,3,Mode,reference_S-8_a_S-1
6171,16.75,21.6,0,Beaute,reference_S-8_a_S-1
6172,39.95,10.8,6,Maison,reference_S-8_a_S-1
6173,17.32,16.7,3,Electronique,reference_S-8_a_S-1
6174,48.32,28.2,0,Maison,reference_S-8_a_S-1
6175,18.77,,6,Electronique,reference_S-8_a_S-1
6176,88.41,7.7,3,Sport,reference_S-8_a_S-1
6177,58.96,35.7,6,Mode,reference_S-8_a_S-1
6178,15.42,20.2,1,Mode,reference_S-8_a_S-1
6179,74.83,11.7,5,Livres,reference_S-8_a_S-1
6180,116.92,11.3,4,Sport,reference_S-8_a_S-1
6181,63.08,6.4,4,Sport,reference_S-8_a_S-1
6182,11.3,11.0,4,Maison,reference_S-8_a_S-1
6183,37.04,16.0,1,Beaute,reference_S-8_a_S-1
6184,68.86,8.1,1,Sport,reference_S-8_a_S-1
6185,34.31,18.8,9,Maison,reference_S-8_a_S-1
6186,16.54,29.6,6,Livres,reference_S-8_a_S-1
6187,95.31,2.5,4,Electronique,reference_S-8_a_S-1
6188,33.15,9.0,2,Livres,reference_S-8_a_S-1
6189,116.97,7.9,3,Mode,reference_S-8_a_S-1
6190,27.05,17.4,4,Maison,reference_S-8_a_S-1
6191,31.6,4.3,4,Electronique,reference_S-8_a_S-1
6192,25.29,15.3,2,Maison,reference_S-8_a_S-1
6193,36.55,31.5,1,Maison,reference_S-8_a_S-1
6194,58.27,8.1,4,Livres,reference_S-8_a_S-1
6195,17.37,36.3,1,Livres,reference_S-8_a_S-1
6196,14.43,74.8,4,Livres,reference_S-8_a_S-1
6197,7.49,1.7,5,Mode,reference_S-8_a_S-1
6198,6.45,4.0,2,Livres,reference_S-8_a_S-1
6199,11.44,45.1,4,Maison,reference_S-8_a_S-1
6200,26.89,47.7,2,Beaute,reference_S-8_a_S-1
6201,47.67,1.5,3,Electronique,reference_S-8_a_S-1
6202,55.97,0.2,4,Maison,reference_S-8_a_S-1
6203,46.04,2.6,4,Livres,reference_S-8_a_S-1
6204,108.23,82.9,3,Livres,reference_S-8_a_S-1
6205,131.44,3.0,5,Sport,reference_S-8_a_S-1
6206,33.27,10.5,3,Sport,reference_S-8_a_S-1
6207,17.65,28.3,2,Electronique,reference_S-8_a_S-1
6208,157.88,0.3,1,Sport,reference_S-8_a_S-1
6209,93.11,13.9,4,Maison,reference_S-8_a_S-1
6210,88.52,4.9,2,Electronique,reference_S-8_a_S-1
6211,25.99,29.7,4,Electronique,reference_S-8_a_S-1
6212,76.12,5.0,5,Electronique,reference_S-8_a_S-1
6213,46.32,17.4,0,Sport,reference_S-8_a_S-1
6214,39.32,16.8,2,Electronique,reference_S-8_a_S-1
6215,39.27,3.8,2,Maison,reference_S-8_a_S-1
6216,60.21,0.5,2,Mode,reference_S-8_a_S-1
6217,110.57,7.9,1,Maison,reference_S-8_a_S-1
6218,166.38,5.1,2,Sport,reference_S-8_a_S-1
6219,29.93,24.8,2,Sport,reference_S-8_a_S-1
6220,48.3,24.2,7,Maison,reference_S-8_a_S-1
6221,38.56,9.2,2,Maison,reference_S-8_a_S-1
6222,57.38,14.0,3,Mode,reference_S-8_a_S-1
6223,34.89,13.9,1,Beaute,reference_S-8_a_S-1
6224,23.46,26.3,4,Mode,reference_S-8_a_S-1
6225,29.96,8.3,2,Mode,reference_S-8_a_S-1
6226,26.31,4.8,3,Sport,reference_S-8_a_S-1
6227,37.1,4.6,5,Mode,reference_S-8_a_S-1
6228,12.32,11.5,3,Beaute,reference_S-8_a_S-1
6229,26.74,8.9,3,Mode,reference_S-8_a_S-1
6230,56.98,8.7,3,Sport,reference_S-8_a_S-1
6231,56.67,1.4,4,Electronique,reference_S-8_a_S-1
6232,50.36,19.0,6,Mode,reference_S-8_a_S-1
6233,104.23,3.6,5,Mode,reference_S-8_a_S-1
6234,58.61,3.3,1,Beaute,reference_S-8_a_S-1
6235,101.97,8.0,4,Livres,reference_S-8_a_S-1
6236,166.46,3.9,1,Maison,reference_S-8_a_S-1
6237,77.45,13.2,3,Beaute,reference_S-8_a_S-1
6238,12.38,7.0,4,Sport,reference_S-8_a_S-1
6239,51.85,8.9,4,Livres,reference_S-8_a_S-1
6240,46.38,11.6,5,Beaute,reference_S-8_a_S-1
6241,116.85,3.4,3,Electronique,reference_S-8_a_S-1
6242,38.17,2.5,1,Sport,reference_S-8_a_S-1
6243,20.71,31.9,1,Maison,reference_S-8_a_S-1
6244,28.07,8.5,4,Electronique,reference_S-8_a_S-1
6245,12.87,8.0,5,Mode,reference_S-8_a_S-1
6246,149.25,0.5,2,Livres,reference_S-8_a_S-1
6247,42.28,10.3,4,Livres,reference_S-8_a_S-1
6248,14.14,12.1,6,Sport,reference_S-8_a_S-1
6249,123.86,12.3,3,Livres,reference_S-8_a_S-1
6250,137.8,18.4,3,Beaute,reference_S-8_a_S-1
6251,47.58,2.9,3,Electronique,reference_S-8_a_S-1
6252,11.7,4.4,2,Mode,reference_S-8_a_S-1
6253,28.65,25.0,4,Electronique,reference_S-8_a_S-1
6254,35.0,44.1,2,Electronique,reference_S-8_a_S-1
6255,43.38,2.2,1,Electronique,reference_S-8_a_S-1
6256,15.95,10.3,2,Maison,reference_S-8_a_S-1
6257,81.86,3.6,2,Beaute,reference_S-8_a_S-1
6258,3.96,0.9,4,Beaute,reference_S-8_a_S-1
6259,91.09,5.9,4,Maison,reference_S-8_a_S-1
6260,104.34,2.3,3,Livres,reference_S-8_a_S-1
6261,31.06,18.6,4,Maison,reference_S-8_a_S-1
6262,39.63,11.4,4,Beaute,reference_S-8_a_S-1
6263,113.14,2.3,1,Maison,reference_S-8_a_S-1
6264,67.02,0.1,5,Mode,reference_S-8_a_S-1
6265,31.98,24.8,4,Livres,reference_S-8_a_S-1
6266,35.15,2.9,1,Mode,reference_S-8_a_S-1
6267,60.45,14.0,5,Maison,reference_S-8_a_S-1
6268,140.53,6.2,4,Mode,reference_S-8_a_S-1
6269,36.03,13.2,1,Sport,reference_S-8_a_S-1
6270,31.18,5.7,2,Livres,reference_S-8_a_S-1
6271,43.14,1.4,4,Electronique,reference_S-8_a_S-1
6272,43.34,3.8,2,Beaute,reference_S-8_a_S-1
6273,52.98,3.1,6,Electronique,reference_S-8_a_S-1
6274,39.73,8.4,4,Mode,reference_S-8_a_S-1
6275,94.79,16.1,6,Electronique,reference_S-8_a_S-1
6276,19.29,4.6,4,Sport,reference_S-8_a_S-1
6277,57.33,0.2,4,Electronique,reference_S-8_a_S-1
6278,58.97,11.0,2,Maison,reference_S-8_a_S-1
6279,20.9,14.0,1,Mode,reference_S-8_a_S-1
6280,56.92,49.4,3,Electronique,reference_S-8_a_S-1
6281,60.09,13.4,2,Sport,reference_S-8_a_S-1
6282,1.88,9.6,4,Electronique,reference_S-8_a_S-1
6283,17.63,12.8,5,Electronique,reference_S-8_a_S-1
6284,119.47,39.4,0,Mode,reference_S-8_a_S-1
6285,25.57,26.4,5,Maison,reference_S-8_a_S-1
6286,14.1,5.9,3,Sport,reference_S-8_a_S-1
6287,6.1,4.1,3,Electronique,reference_S-8_a_S-1
6288,16.11,4.6,5,Electronique,reference_S-8_a_S-1
6289,38.42,10.5,0,Mode,reference_S-8_a_S-1
6290,13.11,20.4,3,Mode,reference_S-8_a_S-1
6291,67.65,10.5,1,Beaute,reference_S-8_a_S-1
6292,20.56,1.1,2,Sport,reference_S-8_a_S-1
6293,53.28,19.3,3,Maison,reference_S-8_a_S-1
6294,108.23,24.6,1,Mode,reference_S-8_a_S-1
6295,103.75,5.1,1,Sport,reference_S-8_a_S-1
6296,52.61,16.4,4,Beaute,reference_S-8_a_S-1
6297,15.1,8.3,5,Maison,reference_S-8_a_S-1
6298,40.52,33.0,5,Sport,reference_S-8_a_S-1
6299,53.89,28.0,2,Sport,reference_S-8_a_S-1
6300,186.66,11.2,2,Maison,reference_S-8_a_S-1
6301,6.03,17.6,3,Mode,reference_S-8_a_S-1
6302,40.63,32.2,5,Sport,reference_S-8_a_S-1
6303,65.95,10.3,6,Electronique,reference_S-8_a_S-1
6304,45.77,5.6,3,Sport,reference_S-8_a_S-1
6305,49.64,21.0,1,Beaute,reference_S-8_a_S-1
6306,21.7,3.7,2,Beaute,reference_S-8_a_S-1
6307,80.88,7.4,2,Maison,reference_S-8_a_S-1
6308,43.36,30.1,2,Electronique,reference_S-8_a_S-1
6309,49.51,19.3,2,Electronique,reference_S-8_a_S-1
6310,86.85,7.8,2,Sport,reference_S-8_a_S-1
6311,32.78,3.6,3,Beaute,reference_S-8_a_S-1
6312,99.97,6.6,4,Sport,reference_S-8_a_S-1
6313,12.65,5.0,3,Electronique,reference_S-8_a_S-1
6314,51.63,2.9,2,Livres,reference_S-8_a_S-1
6315,20.5,20.4,2,Livres,reference_S-8_a_S-1
6316,15.86,4.4,5,Mode,reference_S-8_a_S-1
6317,139.46,9.1,3,Maison,reference_S-8_a_S-1
6318,13.35,7.3,2,Sport,reference_S-8_a_S-1
6319,44.01,60.3,1,Sport,reference_S-8_a_S-1
6320,12.31,7.4,5,Livres,reference_S-8_a_S-1
6321,95.84,1.3,2,Electronique,reference_S-8_a_S-1
6322,30.14,1.4,2,Maison,reference_S-8_a_S-1
6323,86.54,13.4,5,Sport,reference_S-8_a_S-1
6324,64.36,13.7,2,Beaute,reference_S-8_a_S-1
6325,169.01,8.1,3,Beaute,reference_S-8_a_S-1
6326,9.83,8.5,0,Livres,reference_S-8_a_S-1
6327,17.49,0.8,0,Maison,reference_S-8_a_S-1
6328,83.36,10.9,1,Beaute,reference_S-8_a_S-1
6329,53.48,,4,Mode,reference_S-8_a_S-1
6330,34.75,2.4,6,Mode,reference_S-8_a_S-1
6331,149.02,1.6,3,Mode,reference_S-8_a_S-1
6332,41.69,2.0,1,Beaute,reference_S-8_a_S-1
6333,21.22,1.6,0,Livres,reference_S-8_a_S-1
6334,87.25,14.1,0,Mode,reference_S-8_a_S-1
6335,42.77,3.3,0,Electronique,reference_S-8_a_S-1
6336,45.37,4.3,1,Beaute,reference_S-8_a_S-1
6337,68.27,2.9,3,Maison,reference_S-8_a_S-1
6338,70.16,47.5,5,Livres,reference_S-8_a_S-1
6339,17.26,,7,Mode,reference_S-8_a_S-1
6340,33.15,3.9,0,Electronique,reference_S-8_a_S-1
6341,11.21,6.0,4,Maison,reference_S-8_a_S-1
6342,54.07,3.5,2,Electronique,reference_S-8_a_S-1
6343,137.83,10.2,2,Mode,reference_S-8_a_S-1
6344,17.95,0.3,4,Electronique,reference_S-8_a_S-1
6345,9.07,16.7,0,Electronique,reference_S-8_a_S-1
6346,24.4,11.1,3,Electronique,reference_S-8_a_S-1
6347,34.51,34.3,1,Livres,reference_S-8_a_S-1
6348,70.6,2.7,3,Mode,reference_S-8_a_S-1
6349,31.65,24.5,6,Mode,reference_S-8_a_S-1
6350,54.79,23.6,3,Beaute,reference_S-8_a_S-1
6351,27.6,2.0,5,Sport,reference_S-8_a_S-1
6352,36.05,7.6,2,Maison,reference_S-8_a_S-1
6353,20.59,2.8,1,Sport,reference_S-8_a_S-1
6354,15.06,4.4,4,Beaute,reference_S-8_a_S-1
6355,72.39,4.6,7,Beaute,reference_S-8_a_S-1
6356,29.24,12.2,2,Maison,reference_S-8_a_S-1
6357,57.73,8.0,4,Beaute,reference_S-8_a_S-1
6358,20.3,44.3,4,Maison,reference_S-8_a_S-1
6359,41.9,2.0,0,Mode,reference_S-8_a_S-1
6360,4.09,54.6,5,Beaute,reference_S-8_a_S-1
6361,31.09,3.9,7,Maison,reference_S-8_a_S-1
6362,22.31,22.2,1,Livres,reference_S-8_a_S-1
6363,93.23,6.2,2,Electronique,reference_S-8_a_S-1
6364,12.83,2.3,3,Mode,reference_S-8_a_S-1
6365,37.25,29.3,1,Livres,reference_S-8_a_S-1
6366,53.58,5.5,2,Electronique,reference_S-8_a_S-1
6367,84.51,16.1,2,Livres,reference_S-8_a_S-1
6368,76.64,12.5,1,Livres,reference_S-8_a_S-1
6369,39.61,9.6,7,Beaute,reference_S-8_a_S-1
6370,44.06,10.3,0,Maison,reference_S-8_a_S-1
6371,93.18,19.8,8,Maison,reference_S-8_a_S-1
6372,39.02,1.4,3,Beaute,reference_S-8_a_S-1
6373,47.7,16.5,3,Sport,reference_S-8_a_S-1
6374,95.26,33.9,0,Maison,reference_S-8_a_S-1
6375,184.35,0.9,3,Livres,reference_S-8_a_S-1
6376,50.81,2.3,1,Sport,reference_S-8_a_S-1
6377,61.36,18.9,3,Livres,reference_S-8_a_S-1
6378,75.06,8.6,1,Electronique,reference_S-8_a_S-1
6379,94.65,7.8,1,Electronique,reference_S-8_a_S-1
6380,85.96,2.2,5,Maison,reference_S-8_a_S-1
6381,25.8,10.6,4,Mode,reference_S-8_a_S-1
6382,53.35,2.0,9,Sport,reference_S-8_a_S-1
6383,86.37,9.7,2,Electronique,reference_S-8_a_S-1
6384,108.33,21.6,2,Livres,reference_S-8_a_S-1
6385,37.3,4.5,2,Mode,reference_S-8_a_S-1
6386,52.4,9.8,2,Mode,reference_S-8_a_S-1
6387,56.91,72.5,4,Mode,reference_S-8_a_S-1
6388,42.95,17.4,1,Maison,reference_S-8_a_S-1
6389,51.41,27.6,2,Electronique,reference_S-8_a_S-1
6390,258.45,8.0,2,Electronique,reference_S-8_a_S-1
6391,36.08,21.9,3,Sport,reference_S-8_a_S-1
6392,38.33,0.6,1,Electronique,reference_S-8_a_S-1
6393,8.01,2.0,1,Electronique,reference_S-8_a_S-1
6394,6.52,3.4,5,Sport,reference_S-8_a_S-1
6395,59.85,7.7,4,Electronique,reference_S-8_a_S-1
6396,86.61,28.0,7,Mode,reference_S-8_a_S-1
6397,75.95,6.4,1,Electronique,reference_S-8_a_S-1
6398,20.25,15.9,2,Mode,reference_S-8_a_S-1
6399,72.87,18.5,5,Sport,reference_S-8_a_S-1
6400,37.85,13.2,4,Electronique,reference_S-8_a_S-1
6401,30.81,,5,Beaute,reference_S-8_a_S-1
6402,11.55,12.9,4,Livres,reference_S-8_a_S-1
6403,22.6,6.3,3,Electronique,reference_S-8_a_S-1
6404,60.86,1.3,4,Livres,reference_S-8_a_S-1
6405,52.93,74.0,6,Mode,reference_S-8_a_S-1
6406,47.33,2.0,4,Electronique,reference_S-8_a_S-1
6407,3.5,1.1,6,Electronique,reference_S-8_a_S-1
6408,47.7,31.6,2,Mode,reference_S-8_a_S-1
6409,25.47,5.4,4,Maison,reference_S-8_a_S-1
6410,53.22,15.8,0,Mode,reference_S-8_a_S-1
6411,96.59,6.0,3,Beaute,reference_S-8_a_S-1
6412,28.81,7.5,1,Sport,reference_S-8_a_S-1
6413,45.1,4.6,4,Mode,reference_S-8_a_S-1
6414,148.43,6.3,2,Sport,reference_S-8_a_S-1
6415,51.27,7.9,3,Livres,reference_S-8_a_S-1
6416,40.95,19.1,4,Electronique,reference_S-8_a_S-1
6417,20.55,10.7,5,Mode,reference_S-8_a_S-1
6418,74.29,43.1,2,Maison,reference_S-8_a_S-1
6419,17.45,0.6,4,Maison,reference_S-8_a_S-1
6420,99.49,10.5,5,Maison,reference_S-8_a_S-1
6421,67.01,13.2,4,Mode,reference_S-8_a_S-1
6422,26.25,37.9,5,Sport,reference_S-8_a_S-1
6423,21.18,0.8,1,Maison,reference_S-8_a_S-1
6424,21.64,12.8,3,Maison,reference_S-8_a_S-1
6425,6.66,28.8,5,Electronique,reference_S-8_a_S-1
6426,58.81,4.2,1,Maison,reference_S-8_a_S-1
6427,4.16,31.3,0,Mode,reference_S-8_a_S-1
6428,38.95,0.3,1,Maison,reference_S-8_a_S-1
6429,37.0,19.8,2,Livres,reference_S-8_a_S-1
6430,31.99,40.6,3,Maison,reference_S-8_a_S-1
6431,58.52,16.1,1,Electronique,reference_S-8_a_S-1
6432,26.3,8.7,2,Mode,reference_S-8_a_S-1
6433,47.79,0.7,2,Beaute,reference_S-8_a_S-1
6434,99.47,37.9,5,Sport,reference_S-8_a_S-1
6435,63.59,9.5,1,Maison,reference_S-8_a_S-1
6436,29.72,0.4,3,Electronique,reference_S-8_a_S-1
6437,41.92,17.6,2,Maison,reference_S-8_a_S-1
6438,32.02,9.9,4,Maison,reference_S-8_a_S-1
6439,36.58,2.0,5,Livres,reference_S-8_a_S-1
6440,48.89,,3,Maison,reference_S-8_a_S-1
6441,11.0,1.0,3,Sport,reference_S-8_a_S-1
6442,8.42,12.8,3,Maison,reference_S-8_a_S-1
6443,18.98,14.6,2,Mode,reference_S-8_a_S-1
6444,60.54,10.6,3,Beaute,reference_S-8_a_S-1
6445,66.58,25.5,6,Maison,reference_S-8_a_S-1
6446,73.7,29.6,2,Livres,reference_S-8_a_S-1
6447,19.69,14.3,1,Maison,reference_S-8_a_S-1
6448,44.9,0.2,3,Electronique,reference_S-8_a_S-1
6449,30.49,17.8,1,Sport,reference_S-8_a_S-1
6450,37.8,8.1,4,Electronique,reference_S-8_a_S-1
6451,30.05,12.5,5,Mode,reference_S-8_a_S-1
6452,50.98,15.7,2,Mode,reference_S-8_a_S-1
6453,23.57,6.5,3,Sport,reference_S-8_a_S-1
6454,92.08,37.4,0,Maison,reference_S-8_a_S-1
6455,92.64,2.2,1,Electronique,reference_S-8_a_S-1
6456,59.19,16.7,7,Maison,reference_S-8_a_S-1
6457,84.85,0.1,6,Mode,reference_S-8_a_S-1
6458,10.55,38.8,2,Livres,reference_S-8_a_S-1
6459,95.74,1.8,2,Maison,reference_S-8_a_S-1
6460,55.16,1.5,3,Sport,reference_S-8_a_S-1
6461,24.82,,4,Electronique,reference_S-8_a_S-1
6462,22.7,7.0,3,Sport,reference_S-8_a_S-1
6463,118.14,3.6,4,Sport,reference_S-8_a_S-1
6464,74.52,13.2,1,Livres,reference_S-8_a_S-1
6465,37.01,8.8,4,Electronique,reference_S-8_a_S-1
6466,10.42,0.5,3,Mode,reference_S-8_a_S-1
6467,99.06,5.8,4,Sport,reference_S-8_a_S-1
6468,15.17,24.9,4,Electronique,reference_S-8_a_S-1
6469,30.95,17.6,4,Mode,reference_S-8_a_S-1
6470,36.97,19.4,3,Livres,reference_S-8_a_S-1
6471,22.4,18.0,0,Mode,reference_S-8_a_S-1
6472,35.67,5.6,4,Livres,reference_S-8_a_S-1
6473,41.44,1.6,3,Electronique,reference_S-8_a_S-1
6474,35.09,4.8,6,Sport,reference_S-8_a_S-1
6475,52.85,26.7,1,Maison,reference_S-8_a_S-1
6476,121.07,59.0,3,Maison,reference_S-8_a_S-1
6477,10.98,10.2,3,Livres,reference_S-8_a_S-1
6478,46.97,0.1,3,Electronique,reference_S-8_a_S-1
6479,15.34,2.3,3,Beaute,reference_S-8_a_S-1
6480,9.87,5.8,2,Sport,reference_S-8_a_S-1
6481,80.46,13.0,3,Mode,reference_S-8_a_S-1
6482,50.01,1.2,3,Livres,reference_S-8_a_S-1
6483,9.19,43.1,3,Mode,reference_S-8_a_S-1
6484,35.65,6.8,2,Beaute,reference_S-8_a_S-1
6485,19.03,36.6,2,Mode,reference_S-8_a_S-1
6486,36.65,22.7,2,Beaute,reference_S-8_a_S-1
6487,68.27,21.1,5,Maison,reference_S-8_a_S-1
6488,63.44,14.0,2,Electronique,reference_S-8_a_S-1
6489,30.22,14.8,6,Maison,reference_S-8_a_S-1
6490,83.08,15.2,4,Electronique,reference_S-8_a_S-1
6491,104.76,14.9,3,Mode,reference_S-8_a_S-1
6492,69.06,12.1,3,Electronique,reference_S-8_a_S-1
6493,26.17,64.5,0,Electronique,reference_S-8_a_S-1
6494,37.61,19.8,5,Electronique,reference_S-8_a_S-1
6495,118.53,22.5,2,Maison,reference_S-8_a_S-1
6496,32.11,30.9,3,Maison,reference_S-8_a_S-1
6497,63.58,3.6,3,Maison,reference_S-8_a_S-1
6498,22.12,1.3,4,Electronique,reference_S-8_a_S-1
6499,83.48,9.9,2,Sport,reference_S-8_a_S-1
6500,19.91,10.8,5,Sport,reference_S-8_a_S-1
6501,38.91,26.5,1,Mode,reference_S-8_a_S-1
6502,61.99,8.8,4,Beaute,reference_S-8_a_S-1
6503,134.83,12.7,0,Maison,reference_S-8_a_S-1
6504,49.33,11.2,6,Sport,reference_S-8_a_S-1
6505,33.75,0.6,2,Mode,reference_S-8_a_S-1
6506,31.73,14.3,2,Electronique,reference_S-8_a_S-1
6507,80.98,26.4,1,Beaute,reference_S-8_a_S-1
6508,58.45,2.6,4,Beaute,reference_S-8_a_S-1
6509,67.32,13.5,1,Electronique,reference_S-8_a_S-1
6510,113.0,13.5,4,Mode,reference_S-8_a_S-1
6511,43.64,2.7,3,Sport,reference_S-8_a_S-1
6512,55.5,2.0,2,Sport,reference_S-8_a_S-1
6513,31.38,58.7,3,Beaute,reference_S-8_a_S-1
6514,21.38,7.5,3,Electronique,reference_S-8_a_S-1
6515,25.22,3.9,3,Mode,reference_S-8_a_S-1
6516,2.34,2.8,1,Electronique,reference_S-8_a_S-1
6517,61.54,16.5,2,Mode,reference_S-8_a_S-1
6518,57.07,14.1,4,Electronique,reference_S-8_a_S-1
6519,60.61,15.5,2,Beaute,reference_S-8_a_S-1
6520,20.12,1.4,5,Maison,reference_S-8_a_S-1
6521,25.6,33.6,4,Beaute,reference_S-8_a_S-1
6522,24.89,7.4,4,Electronique,reference_S-8_a_S-1
6523,89.11,5.6,3,Electronique,reference_S-8_a_S-1
6524,47.98,9.3,1,Mode,reference_S-8_a_S-1
6525,43.28,7.4,0,Mode,reference_S-8_a_S-1
6526,71.73,29.9,2,Beaute,reference_S-8_a_S-1
6527,24.96,39.7,1,Mode,reference_S-8_a_S-1
6528,54.52,5.4,1,Electronique,reference_S-8_a_S-1
6529,146.42,29.9,4,Electronique,reference_S-8_a_S-1
6530,98.75,22.8,1,Electronique,reference_S-8_a_S-1
6531,53.92,40.1,3,Sport,reference_S-8_a_S-1
6532,44.53,4.2,5,Mode,reference_S-8_a_S-1
6533,60.23,12.9,4,Sport,reference_S-8_a_S-1
6534,108.01,4.8,5,Sport,reference_S-8_a_S-1
6535,102.93,26.1,4,Electronique,reference_S-8_a_S-1
6536,120.21,0.1,4,Electronique,reference_S-8_a_S-1
6537,50.01,12.5,2,Sport,reference_S-8_a_S-1
6538,4.12,6.2,0,Sport,reference_S-8_a_S-1
6539,139.68,5.8,2,Mode,reference_S-8_a_S-1
6540,21.33,15.5,5,Electronique,reference_S-8_a_S-1
6541,70.91,28.6,6,Electronique,reference_S-8_a_S-1
6542,4.24,14.1,1,Mode,reference_S-8_a_S-1
6543,42.59,28.8,0,Electronique,reference_S-8_a_S-1
6544,32.16,4.6,4,Electronique,reference_S-8_a_S-1
6545,120.4,11.0,4,Mode,reference_S-8_a_S-1
6546,54.42,9.0,5,Electronique,reference_S-8_a_S-1
6547,42.25,0.2,3,Electronique,reference_S-8_a_S-1
6548,58.86,12.2,1,Beaute,reference_S-8_a_S-1
6549,1.14,16.2,5,Maison,reference_S-8_a_S-1
6550,24.46,13.4,2,Livres,reference_S-8_a_S-1
6551,27.81,20.0,4,Mode,reference_S-8_a_S-1
6552,65.63,12.7,1,Sport,reference_S-8_a_S-1
6553,17.28,1.0,4,Electronique,reference_S-8_a_S-1
6554,48.41,1.9,6,Maison,reference_S-8_a_S-1
6555,39.17,13.6,1,Electronique,reference_S-8_a_S-1
6556,25.63,4.8,3,Electronique,reference_S-8_a_S-1
6557,27.09,1.2,2,Livres,reference_S-8_a_S-1
6558,38.89,8.4,2,Maison,reference_S-8_a_S-1
6559,5.92,12.1,4,Livres,reference_S-8_a_S-1
6560,72.42,,5,Mode,reference_S-8_a_S-1
6561,21.2,19.1,1,Mode,reference_S-8_a_S-1
6562,33.83,15.5,2,Mode,reference_S-8_a_S-1
6563,117.48,6.1,4,Sport,reference_S-8_a_S-1
6564,73.29,21.1,4,Maison,reference_S-8_a_S-1
6565,14.46,15.7,4,Livres,reference_S-8_a_S-1
6566,0.79,15.2,6,Electronique,reference_S-8_a_S-1
6567,60.68,12.1,3,Sport,reference_S-8_a_S-1
6568,34.92,0.2,4,Mode,reference_S-8_a_S-1
6569,48.63,17.9,4,Electronique,reference_S-8_a_S-1
6570,71.6,7.1,1,Maison,reference_S-8_a_S-1
6571,79.59,42.9,2,Maison,reference_S-8_a_S-1
6572,29.65,25.6,1,Electronique,reference_S-8_a_S-1
6573,38.39,13.3,2,Electronique,reference_S-8_a_S-1
6574,55.69,4.4,1,Mode,reference_S-8_a_S-1
6575,58.36,3.4,8,Mode,reference_S-8_a_S-1
6576,48.28,6.2,2,Mode,reference_S-8_a_S-1
6577,108.92,9.7,2,Electronique,reference_S-8_a_S-1
6578,57.89,5.3,6,Electronique,reference_S-8_a_S-1
6579,70.86,10.9,2,Livres,reference_S-8_a_S-1
6580,51.35,2.7,2,Livres,reference_S-8_a_S-1
6581,17.16,57.1,0,Maison,reference_S-8_a_S-1
6582,24.4,1.7,1,Livres,reference_S-8_a_S-1
6583,13.86,40.3,1,Sport,reference_S-8_a_S-1
6584,85.78,36.7,4,Electronique,reference_S-8_a_S-1
6585,9.14,11.2,2,Electronique,reference_S-8_a_S-1
6586,37.16,19.4,5,Livres,reference_S-8_a_S-1
6587,31.01,8.6,3,Maison,reference_S-8_a_S-1
6588,30.35,14.9,3,Beaute,reference_S-8_a_S-1
6589,32.56,6.2,5,Beaute,reference_S-8_a_S-1
6590,122.72,5.4,3,Mode,reference_S-8_a_S-1
6591,5.41,12.9,3,Electronique,reference_S-8_a_S-1
6592,99.93,10.3,5,Electronique,reference_S-8_a_S-1
6593,34.84,13.0,4,Electronique,reference_S-8_a_S-1
6594,76.02,5.1,1,Electronique,reference_S-8_a_S-1
6595,44.3,6.9,4,Mode,reference_S-8_a_S-1
6596,15.32,1.3,3,Electronique,reference_S-8_a_S-1
6597,106.38,0.8,1,Electronique,reference_S-8_a_S-1
6598,95.57,4.4,3,Mode,reference_S-8_a_S-1
6599,16.45,1.2,2,Mode,reference_S-8_a_S-1
6600,63.99,1.6,3,Maison,reference_S-8_a_S-1
6601,25.38,25.1,1,Mode,reference_S-8_a_S-1
6602,9.58,,1,Maison,reference_S-8_a_S-1
6603,21.25,16.1,2,Livres,reference_S-8_a_S-1
6604,102.25,4.8,4,Electronique,reference_S-8_a_S-1
6605,77.31,30.8,2,Electronique,reference_S-8_a_S-1
6606,32.87,10.0,2,Beaute,reference_S-8_a_S-1
6607,102.58,5.5,4,Maison,reference_S-8_a_S-1
6608,90.68,10.9,2,Sport,reference_S-8_a_S-1
6609,21.28,7.2,3,Electronique,reference_S-8_a_S-1
6610,119.5,12.5,4,Beaute,reference_S-8_a_S-1
6611,30.76,1.8,5,Livres,reference_S-8_a_S-1
6612,34.31,87.1,3,Maison,reference_S-8_a_S-1
6613,5.59,8.3,2,Electronique,reference_S-8_a_S-1
6614,24.97,6.4,5,Beaute,reference_S-8_a_S-1
6615,37.39,18.6,4,Sport,reference_S-8_a_S-1
6616,52.41,6.8,1,Sport,reference_S-8_a_S-1
6617,15.37,26.9,5,Electronique,reference_S-8_a_S-1
6618,22.16,9.1,2,Sport,reference_S-8_a_S-1
6619,121.24,19.1,3,Electronique,reference_S-8_a_S-1
6620,86.64,1.7,2,Electronique,reference_S-8_a_S-1
6621,97.67,28.1,10,Maison,reference_S-8_a_S-1
6622,39.89,,4,Mode,reference_S-8_a_S-1
6623,53.55,3.6,3,Sport,reference_S-8_a_S-1
6624,65.0,2.4,4,Maison,reference_S-8_a_S-1
6625,120.07,5.7,5,Electronique,reference_S-8_a_S-1
6626,9.36,56.0,3,Sport,reference_S-8_a_S-1
6627,27.16,4.5,1,Livres,reference_S-8_a_S-1
6628,50.03,9.1,2,Electronique,reference_S-8_a_S-1
6629,44.51,0.5,3,Maison,reference_S-8_a_S-1
6630,21.91,7.6,2,Mode,reference_S-8_a_S-1
6631,61.08,12.7,4,Maison,reference_S-8_a_S-1
6632,28.08,45.9,5,Mode,reference_S-8_a_S-1
6633,42.08,10.9,0,Mode,reference_S-8_a_S-1
6634,59.15,25.6,2,Electronique,reference_S-8_a_S-1
6635,29.2,11.9,3,Livres,reference_S-8_a_S-1
6636,72.9,0.6,4,Maison,reference_S-8_a_S-1
6637,82.3,5.7,2,Maison,reference_S-8_a_S-1
6638,22.65,,0,Mode,reference_S-8_a_S-1
6639,27.91,45.1,2,Maison,reference_S-8_a_S-1
6640,17.61,29.4,1,Mode,reference_S-8_a_S-1
6641,41.37,,4,Mode,reference_S-8_a_S-1
6642,52.38,3.7,1,Maison,reference_S-8_a_S-1
6643,31.55,3.4,2,Mode,reference_S-8_a_S-1
6644,51.31,38.4,1,Electronique,reference_S-8_a_S-1
6645,27.3,28.7,4,Maison,reference_S-8_a_S-1
6646,28.05,22.4,1,Beaute,reference_S-8_a_S-1
6647,54.38,7.5,2,Electronique,reference_S-8_a_S-1
6648,29.61,10.5,4,Electronique,reference_S-8_a_S-1
6649,39.66,9.4,3,Electronique,reference_S-8_a_S-1
6650,55.79,4.4,9,Livres,reference_S-8_a_S-1
6651,50.76,10.5,1,Beaute,reference_S-8_a_S-1
6652,27.62,0.5,0,Maison,reference_S-8_a_S-1
6653,88.06,2.1,1,Livres,reference_S-8_a_S-1
6654,62.95,32.7,2,Mode,reference_S-8_a_S-1
6655,50.04,20.9,1,Livres,reference_S-8_a_S-1
6656,15.46,8.2,0,Mode,reference_S-8_a_S-1
6657,45.34,10.9,5,Electronique,reference_S-8_a_S-1
6658,24.55,,5,Maison,reference_S-8_a_S-1
6659,59.73,20.3,7,Mode,reference_S-8_a_S-1
6660,0.76,23.0,2,Maison,reference_S-8_a_S-1
6661,33.93,21.6,4,Mode,reference_S-8_a_S-1
6662,26.6,19.2,6,Maison,reference_S-8_a_S-1
6663,73.09,3.4,3,Mode,reference_S-8_a_S-1
6664,5.86,6.2,7,Electronique,reference_S-8_a_S-1
6665,43.15,9.5,3,Livres,reference_S-8_a_S-1
6666,62.41,6.0,4,Beaute,reference_S-8_a_S-1
6667,134.91,21.1,2,Livres,reference_S-8_a_S-1
6668,27.97,6.0,3,Sport,reference_S-8_a_S-1
6669,53.04,2.2,2,Sport,reference_S-8_a_S-1
6670,6.35,7.6,2,Maison,reference_S-8_a_S-1
6671,41.49,58.6,5,Electronique,reference_S-8_a_S-1
6672,92.45,3.8,2,Electronique,reference_S-8_a_S-1
6673,135.77,14.2,3,Mode,reference_S-8_a_S-1
6674,56.73,8.5,4,Beaute,reference_S-8_a_S-1
6675,8.75,1.1,1,Electronique,reference_S-8_a_S-1
6676,102.52,10.0,1,Livres,reference_S-8_a_S-1
6677,8.84,18.2,3,Maison,reference_S-8_a_S-1
6678,14.02,10.8,3,Sport,reference_S-8_a_S-1
6679,108.37,30.8,3,Electronique,reference_S-8_a_S-1
6680,39.19,5.1,3,Mode,reference_S-8_a_S-1
6681,25.38,1.4,1,Livres,reference_S-8_a_S-1
6682,68.53,41.4,3,Mode,reference_S-8_a_S-1
6683,47.2,7.1,3,Mode,reference_S-8_a_S-1
6684,86.9,12.9,0,Electronique,reference_S-8_a_S-1
6685,48.84,23.6,2,Electronique,reference_S-8_a_S-1
6686,49.68,5.9,1,Electronique,reference_S-8_a_S-1
6687,84.82,18.9,3,Maison,reference_S-8_a_S-1
6688,38.78,2.2,2,Maison,reference_S-8_a_S-1
6689,19.08,5.2,1,Maison,reference_S-8_a_S-1
6690,71.3,2.3,3,Electronique,reference_S-8_a_S-1
6691,32.94,25.0,3,Beaute,reference_S-8_a_S-1
6692,51.78,3.8,4,Sport,reference_S-8_a_S-1
6693,4.75,19.0,1,Electronique,reference_S-8_a_S-1
6694,37.55,43.0,1,Mode,reference_S-8_a_S-1
6695,26.95,11.3,7,Electronique,reference_S-8_a_S-1
6696,4.55,11.6,1,Sport,reference_S-8_a_S-1
6697,38.48,9.3,5,Sport,reference_S-8_a_S-1
6698,39.51,5.9,0,Livres,reference_S-8_a_S-1
6699,54.55,9.7,7,Electronique,reference_S-8_a_S-1
6700,91.4,13.9,3,Maison,reference_S-8_a_S-1
6701,81.63,64.0,1,Electronique,reference_S-8_a_S-1
6702,28.57,41.7,4,Mode,reference_S-8_a_S-1
6703,47.95,29.7,5,Maison,reference_S-8_a_S-1
6704,60.33,33.0,2,Electronique,reference_S-8_a_S-1
6705,29.26,9.5,1,Sport,reference_S-8_a_S-1
6706,9.78,16.1,2,Maison,reference_S-8_a_S-1
6707,35.29,33.8,6,Beaute,reference_S-8_a_S-1
6708,94.0,7.5,1,Mode,reference_S-8_a_S-1
6709,9.26,49.0,4,Livres,reference_S-8_a_S-1
6710,17.28,8.1,4,Livres,reference_S-8_a_S-1
6711,20.97,13.8,2,Livres,reference_S-8_a_S-1
6712,17.47,18.6,1,Sport,reference_S-8_a_S-1
6713,68.74,45.1,0,Beaute,reference_S-8_a_S-1
6714,24.46,,2,Maison,reference_S-8_a_S-1
6715,70.04,20.6,4,Electronique,reference_S-8_a_S-1
6716,43.11,11.0,4,Sport,reference_S-8_a_S-1
6717,6.9,4.7,3,Sport,reference_S-8_a_S-1
6718,29.8,22.5,5,Livres,reference_S-8_a_S-1
6719,83.3,12.1,5,Maison,reference_S-8_a_S-1
6720,46.85,16.2,2,Mode,reference_S-8_a_S-1
6721,31.72,5.8,2,Sport,reference_S-8_a_S-1
6722,94.76,9.8,4,Livres,reference_S-8_a_S-1
6723,15.68,14.4,1,Electronique,reference_S-8_a_S-1
6724,25.25,7.8,4,Mode,reference_S-8_a_S-1
6725,78.01,3.3,5,Maison,reference_S-8_a_S-1
6726,67.75,48.9,3,Electronique,reference_S-8_a_S-1
6727,14.42,10.7,3,Electronique,reference_S-8_a_S-1
6728,58.87,19.9,4,Mode,reference_S-8_a_S-1
6729,24.11,7.9,1,Beaute,reference_S-8_a_S-1
6730,4.25,6.6,3,Electronique,reference_S-8_a_S-1
6731,32.24,7.8,4,Mode,reference_S-8_a_S-1
6732,141.49,7.9,3,Sport,reference_S-8_a_S-1
6733,84.28,11.8,1,Livres,reference_S-8_a_S-1
6734,40.16,11.8,4,Livres,reference_S-8_a_S-1
6735,8.62,10.3,2,Mode,reference_S-8_a_S-1
6736,4.44,2.2,4,Livres,reference_S-8_a_S-1
6737,43.22,10.3,1,Electronique,reference_S-8_a_S-1
6738,56.12,2.8,4,Sport,reference_S-8_a_S-1
6739,69.31,2.0,2,Maison,reference_S-8_a_S-1
6740,63.82,40.5,4,Electronique,reference_S-8_a_S-1
6741,67.7,13.9,2,Maison,reference_S-8_a_S-1
6742,51.25,16.2,7,Electronique,reference_S-8_a_S-1
6743,93.39,7.7,3,Beaute,reference_S-8_a_S-1
6744,26.9,36.0,2,Mode,reference_S-8_a_S-1
6745,42.72,15.2,2,Maison,reference_S-8_a_S-1
6746,6.94,22.0,3,Electronique,reference_S-8_a_S-1
6747,26.41,6.9,2,Electronique,reference_S-8_a_S-1
6748,82.71,48.3,0,Livres,reference_S-8_a_S-1
6749,66.19,25.8,0,Sport,reference_S-8_a_S-1
6750,2.43,28.9,4,Livres,reference_S-8_a_S-1
6751,148.43,2.8,3,Mode,reference_S-8_a_S-1
6752,46.95,4.7,2,Electronique,reference_S-8_a_S-1
6753,47.62,5.0,0,Maison,reference_S-8_a_S-1
6754,24.97,4.7,3,Maison,reference_S-8_a_S-1
6755,29.93,29.0,9,Electronique,reference_S-8_a_S-1
6756,46.55,0.5,3,Sport,reference_S-8_a_S-1
6757,63.56,1.2,5,Mode,reference_S-8_a_S-1
6758,53.04,4.8,7,Electronique,reference_S-8_a_S-1
6759,26.73,3.3,4,Mode,reference_S-8_a_S-1
6760,18.83,4.0,4,Maison,reference_S-8_a_S-1
6761,17.65,24.0,1,Sport,reference_S-8_a_S-1
6762,87.15,12.4,2,Maison,reference_S-8_a_S-1
6763,80.1,0.1,3,Maison,reference_S-8_a_S-1
6764,59.46,,4,Electronique,reference_S-8_a_S-1
6765,86.72,7.9,2,Livres,reference_S-8_a_S-1
6766,37.76,1.8,2,Livres,reference_S-8_a_S-1
6767,75.41,16.9,0,Sport,reference_S-8_a_S-1
6768,61.68,18.2,2,Electronique,reference_S-8_a_S-1
6769,76.82,,2,Maison,reference_S-8_a_S-1
6770,15.99,19.6,2,Maison,reference_S-8_a_S-1
6771,50.71,0.0,4,Livres,reference_S-8_a_S-1
6772,31.34,46.2,2,Livres,reference_S-8_a_S-1
6773,3.25,25.2,4,Beaute,reference_S-8_a_S-1
6774,96.74,35.1,3,Electronique,reference_S-8_a_S-1
6775,80.26,0.2,1,Livres,reference_S-8_a_S-1
6776,54.03,40.7,3,Maison,reference_S-8_a_S-1
6777,19.93,24.9,6,Beaute,reference_S-8_a_S-1
6778,6.56,,4,Mode,reference_S-8_a_S-1
6779,3.18,1.5,2,Mode,reference_S-8_a_S-1
6780,26.24,20.1,6,Maison,reference_S-8_a_S-1
6781,68.4,48.3,3,Electronique,reference_S-8_a_S-1
6782,31.61,17.0,2,Mode,reference_S-8_a_S-1
6783,59.98,12.7,5,Beaute,reference_S-8_a_S-1
6784,62.14,43.7,4,Electronique,reference_S-8_a_S-1
6785,67.7,8.8,2,Electronique,reference_S-8_a_S-1
6786,5.21,13.7,4,Electronique,reference_S-8_a_S-1
6787,21.61,9.7,2,Mode,reference_S-8_a_S-1
6788,59.19,40.5,1,Livres,reference_S-8_a_S-1
6789,111.05,1.2,3,Electronique,reference_S-8_a_S-1
6790,90.88,10.4,2,Electronique,reference_S-8_a_S-1
6791,51.99,17.4,3,Livres,reference_S-8_a_S-1
6792,97.43,23.5,5,Beaute,reference_S-8_a_S-1
6793,51.7,13.1,3,Electronique,reference_S-8_a_S-1
6794,8.97,35.9,2,Sport,reference_S-8_a_S-1
6795,66.9,42.7,0,Sport,reference_S-8_a_S-1
6796,93.01,1.0,2,Sport,reference_S-8_a_S-1
6797,134.39,7.7,2,Maison,reference_S-8_a_S-1
6798,25.61,0.4,5,Livres,reference_S-8_a_S-1
6799,14.38,6.0,1,Electronique,reference_S-8_a_S-1
6800,75.57,11.5,1,Electronique,reference_S-8_a_S-1
6801,56.65,36.3,2,Mode,reference_S-8_a_S-1
6802,52.99,28.1,2,Mode,reference_S-8_a_S-1
6803,98.35,2.0,3,Livres,reference_S-8_a_S-1
6804,75.36,1.5,1,Maison,reference_S-8_a_S-1
6805,60.56,13.3,2,Electronique,reference_S-8_a_S-1
6806,28.48,11.4,1,Mode,reference_S-8_a_S-1
6807,71.17,4.6,0,Mode,reference_S-8_a_S-1
6808,13.78,34.5,4,Livres,reference_S-8_a_S-1
6809,51.59,39.3,2,Maison,reference_S-8_a_S-1
6810,40.58,7.7,3,Maison,reference_S-8_a_S-1
6811,8.48,33.2,4,Sport,reference_S-8_a_S-1
6812,56.77,7.3,4,Sport,reference_S-8_a_S-1
6813,25.66,20.0,6,Maison,reference_S-8_a_S-1
6814,55.78,9.7,3,Electronique,reference_S-8_a_S-1
6815,17.77,2.0,4,Beaute,reference_S-8_a_S-1
6816,75.88,39.5,1,Sport,reference_S-8_a_S-1
6817,122.64,9.1,4,Sport,reference_S-8_a_S-1
6818,13.79,19.9,5,Livres,reference_S-8_a_S-1
6819,17.75,6.9,0,Beaute,reference_S-8_a_S-1
6820,11.48,0.3,1,Beaute,reference_S-8_a_S-1
6821,35.13,1.6,5,Livres,reference_S-8_a_S-1
6822,55.15,10.3,5,Electronique,reference_S-8_a_S-1
6823,68.16,17.6,5,Maison,reference_S-8_a_S-1
6824,50.84,6.1,3,Maison,reference_S-8_a_S-1
6825,66.71,17.8,3,Mode,reference_S-8_a_S-1
6826,39.46,18.0,5,Beaute,reference_S-8_a_S-1
6827,25.4,18.3,4,Sport,reference_S-8_a_S-1
6828,18.18,10.2,2,Sport,reference_S-8_a_S-1
6829,36.18,37.0,1,Livres,reference_S-8_a_S-1
6830,18.6,10.1,3,Mode,reference_S-8_a_S-1
6831,53.95,9.0,3,Sport,reference_S-8_a_S-1
6832,18.89,3.3,5,Maison,reference_S-8_a_S-1
6833,27.82,5.5,5,Mode,reference_S-8_a_S-1
6834,86.85,0.6,4,Electronique,reference_S-8_a_S-1
6835,92.54,15.1,2,Beaute,reference_S-8_a_S-1
6836,90.58,4.3,1,Maison,reference_S-8_a_S-1
6837,39.98,5.4,4,Beaute,reference_S-8_a_S-1
6838,26.29,22.1,2,Maison,reference_S-8_a_S-1
6839,60.01,5.9,2,Electronique,reference_S-8_a_S-1
6840,19.26,4.2,3,Mode,reference_S-8_a_S-1
6841,70.52,2.8,1,Mode,reference_S-8_a_S-1
6842,24.29,22.4,3,Livres,reference_S-8_a_S-1
6843,34.99,2.1,3,Electronique,reference_S-8_a_S-1
6844,71.61,9.1,10,Livres,reference_S-8_a_S-1
6845,6.2,10.6,2,Livres,reference_S-8_a_S-1
6846,25.2,17.4,2,Livres,reference_S-8_a_S-1
6847,54.79,15.0,3,Maison,reference_S-8_a_S-1
6848,63.51,25.0,9,Livres,reference_S-8_a_S-1
6849,56.37,0.7,3,Mode,reference_S-8_a_S-1
6850,34.65,5.3,2,Electronique,reference_S-8_a_S-1
6851,76.66,4.9,2,Electronique,reference_S-8_a_S-1
6852,17.62,2.4,2,Livres,reference_S-8_a_S-1
6853,16.91,5.1,2,Electronique,reference_S-8_a_S-1
6854,54.41,5.6,2,Maison,reference_S-8_a_S-1
6855,15.79,11.1,4,Electronique,reference_S-8_a_S-1
6856,125.42,16.3,1,Mode,reference_S-8_a_S-1
6857,25.83,7.2,0,Electronique,reference_S-8_a_S-1
6858,75.68,19.1,2,Beaute,reference_S-8_a_S-1
6859,13.25,6.1,7,Maison,reference_S-8_a_S-1
6860,108.3,5.1,2,Livres,reference_S-8_a_S-1
6861,42.13,11.7,2,Sport,reference_S-8_a_S-1
6862,25.23,0.4,3,Livres,reference_S-8_a_S-1
6863,32.74,1.2,3,Maison,reference_S-8_a_S-1
6864,21.86,8.1,2,Maison,reference_S-8_a_S-1
6865,34.92,42.9,4,Maison,reference_S-8_a_S-1
6866,14.05,19.2,5,Maison,reference_S-8_a_S-1
6867,25.93,1.4,4,Beaute,reference_S-8_a_S-1
6868,74.68,28.1,2,Maison,reference_S-8_a_S-1
6869,48.8,19.8,5,Beaute,reference_S-8_a_S-1
6870,17.28,14.2,2,Sport,reference_S-8_a_S-1
6871,35.88,25.7,2,Electronique,reference_S-8_a_S-1
6872,93.26,7.8,4,Sport,reference_S-8_a_S-1
6873,28.52,3.8,4,Electronique,reference_S-8_a_S-1
6874,15.63,10.8,2,Maison,reference_S-8_a_S-1
6875,61.88,11.9,6,Sport,reference_S-8_a_S-1
6876,3.53,11.6,3,Livres,reference_S-8_a_S-1
6877,33.34,12.5,7,Electronique,reference_S-8_a_S-1
6878,98.78,44.6,1,Electronique,reference_S-8_a_S-1
6879,35.08,34.9,1,Electronique,reference_S-8_a_S-1
6880,79.84,31.3,2,Mode,reference_S-8_a_S-1
6881,15.42,24.2,0,Beaute,reference_S-8_a_S-1
6882,34.0,43.1,4,Beaute,reference_S-8_a_S-1
6883,31.49,1.6,5,Sport,reference_S-8_a_S-1
6884,59.54,4.6,2,Beaute,reference_S-8_a_S-1
6885,43.89,10.2,1,Mode,reference_S-8_a_S-1
6886,107.68,28.1,2,Electronique,reference_S-8_a_S-1
6887,27.22,10.6,9,Electronique,reference_S-8_a_S-1
6888,43.5,20.7,3,Beaute,reference_S-8_a_S-1
6889,32.45,2.2,2,Sport,reference_S-8_a_S-1
6890,41.13,4.4,6,Sport,reference_S-8_a_S-1
6891,38.34,19.7,5,Mode,reference_S-8_a_S-1
6892,19.09,2.7,1,Mode,reference_S-8_a_S-1
6893,71.87,6.5,1,Livres,reference_S-8_a_S-1
6894,23.63,4.6,4,Electronique,reference_S-8_a_S-1
6895,22.2,6.5,0,Sport,reference_S-8_a_S-1
6896,9.05,18.5,1,Mode,reference_S-8_a_S-1
6897,26.57,6.9,1,Electronique,reference_S-8_a_S-1
6898,23.36,12.2,2,Sport,reference_S-8_a_S-1
6899,4.58,1.6,6,Mode,reference_S-8_a_S-1
6900,34.8,24.5,2,Sport,reference_S-8_a_S-1
6901,104.5,6.9,8,Sport,reference_S-8_a_S-1
6902,10.94,15.7,2,Maison,reference_S-8_a_S-1
6903,40.56,19.4,1,Sport,reference_S-8_a_S-1
6904,34.15,3.5,3,Maison,reference_S-8_a_S-1
6905,65.34,32.4,2,Mode,reference_S-8_a_S-1
6906,68.74,14.4,2,Sport,reference_S-8_a_S-1
6907,157.09,8.4,1,Maison,reference_S-8_a_S-1
6908,50.12,3.0,4,Electronique,reference_S-8_a_S-1
6909,20.77,42.8,3,Livres,reference_S-8_a_S-1
6910,25.95,21.1,1,Maison,reference_S-8_a_S-1
6911,28.23,3.5,2,Beaute,reference_S-8_a_S-1
6912,24.2,6.2,2,Beaute,reference_S-8_a_S-1
6913,121.84,24.9,2,Mode,reference_S-8_a_S-1
6914,66.46,,4,Maison,reference_S-8_a_S-1
6915,59.17,21.8,8,Mode,reference_S-8_a_S-1
6916,16.05,8.7,5,Mode,reference_S-8_a_S-1
6917,68.26,18.9,2,Beaute,reference_S-8_a_S-1
6918,88.52,7.3,4,Sport,reference_S-8_a_S-1
6919,34.64,3.6,2,Electronique,reference_S-8_a_S-1
6920,25.69,15.0,3,Maison,reference_S-8_a_S-1
6921,109.46,56.0,3,Livres,reference_S-8_a_S-1
6922,22.92,5.6,6,Maison,reference_S-8_a_S-1
6923,20.89,9.3,7,Sport,reference_S-8_a_S-1
6924,17.91,,3,Sport,reference_S-8_a_S-1
6925,39.05,11.7,3,Mode,reference_S-8_a_S-1
6926,50.02,27.8,2,Mode,reference_S-8_a_S-1
6927,80.53,21.5,2,Sport,reference_S-8_a_S-1
6928,61.09,0.9,1,Maison,reference_S-8_a_S-1
6929,60.4,96.8,4,Maison,reference_S-8_a_S-1
6930,97.71,20.9,3,Sport,reference_S-8_a_S-1
6931,17.13,29.9,1,Sport,reference_S-8_a_S-1
6932,10.26,15.8,4,Mode,reference_S-8_a_S-1
6933,63.22,29.1,1,Electronique,reference_S-8_a_S-1
6934,37.65,1.8,5,Mode,reference_S-8_a_S-1
6935,80.73,6.4,4,Maison,reference_S-8_a_S-1
6936,40.43,31.4,3,Mode,reference_S-8_a_S-1
6937,24.95,3.4,5,Maison,reference_S-8_a_S-1
6938,63.87,1.2,0,Electronique,reference_S-8_a_S-1
6939,44.35,23.3,1,Maison,reference_S-8_a_S-1
6940,40.46,27.1,1,Mode,reference_S-8_a_S-1
6941,176.06,,4,Maison,reference_S-8_a_S-1
6942,92.77,28.9,2,Mode,reference_S-8_a_S-1
6943,69.62,,6,Mode,reference_S-8_a_S-1
6944,45.38,11.0,1,Livres,reference_S-8_a_S-1
6945,42.52,26.6,4,Electronique,reference_S-8_a_S-1
6946,32.62,8.2,4,Sport,reference_S-8_a_S-1
6947,48.84,3.2,1,Livres,reference_S-8_a_S-1
6948,27.81,5.0,2,Maison,reference_S-8_a_S-1
6949,13.87,10.6,3,Beaute,reference_S-8_a_S-1
6950,40.08,11.4,8,Electronique,reference_S-8_a_S-1
6951,51.78,24.6,0,Maison,reference_S-8_a_S-1
6952,80.86,23.5,1,Maison,reference_S-8_a_S-1
6953,21.0,13.1,3,Electronique,reference_S-8_a_S-1
6954,42.77,22.8,1,Mode,reference_S-8_a_S-1
6955,60.76,3.2,4,Mode,reference_S-8_a_S-1
6956,59.8,0.8,4,Sport,reference_S-8_a_S-1
6957,117.86,31.0,0,Livres,reference_S-8_a_S-1
6958,33.13,1.2,1,Electronique,reference_S-8_a_S-1
6959,19.46,4.2,6,Mode,reference_S-8_a_S-1
6960,44.9,17.8,5,Mode,reference_S-8_a_S-1
6961,34.51,7.9,2,Maison,reference_S-8_a_S-1
6962,29.87,31.4,3,Sport,reference_S-8_a_S-1
6963,26.68,5.3,7,Mode,reference_S-8_a_S-1
6964,51.93,0.2,1,Electronique,reference_S-8_a_S-1
6965,23.67,5.4,4,Sport,reference_S-8_a_S-1
6966,69.58,12.9,3,Beaute,reference_S-8_a_S-1
6967,67.33,7.1,2,Maison,reference_S-8_a_S-1
6968,55.34,11.5,2,Maison,reference_S-8_a_S-1
6969,17.11,31.4,3,Electronique,reference_S-8_a_S-1
6970,50.25,36.5,6,Electronique,reference_S-8_a_S-1
6971,84.5,4.6,4,Electronique,reference_S-8_a_S-1
6972,73.03,9.3,1,Mode,reference_S-8_a_S-1
6973,66.17,11.9,3,Livres,reference_S-8_a_S-1
6974,42.3,44.7,3,Maison,reference_S-8_a_S-1
6975,40.89,98.8,1,Electronique,reference_S-8_a_S-1
6976,93.77,4.0,2,Mode,reference_S-8_a_S-1
6977,51.34,19.5,1,Mode,reference_S-8_a_S-1
6978,51.8,7.1,2,Maison,reference_S-8_a_S-1
6979,208.85,0.1,4,Mode,reference_S-8_a_S-1
6980,32.56,0.1,0,Mode,reference_S-8_a_S-1
6981,4.06,9.3,2,Maison,reference_S-8_a_S-1
6982,36.41,10.1,0,Electronique,reference_S-8_a_S-1
6983,38.08,0.3,5,Electronique,reference_S-8_a_S-1
6984,50.79,17.4,1,Electronique,reference_S-8_a_S-1
6985,59.41,5.2,1,Mode,reference_S-8_a_S-1
6986,5.11,12.3,1,Electronique,reference_S-8_a_S-1
6987,60.27,5.4,5,Mode,reference_S-8_a_S-1
6988,39.84,2.7,2,Sport,reference_S-8_a_S-1
6989,33.75,7.8,2,Sport,reference_S-8_a_S-1
6990,8.47,4.0,2,Maison,reference_S-8_a_S-1
6991,106.79,11.5,1,Beaute,reference_S-8_a_S-1
6992,29.54,3.3,2,Mode,reference_S-8_a_S-1
6993,66.78,,1,Beaute,reference_S-8_a_S-1
6994,20.73,2.6,8,Mode,reference_S-8_a_S-1
6995,52.39,16.7,10,Mode,reference_S-8_a_S-1
6996,34.17,21.0,3,Mode,reference_S-8_a_S-1
6997,65.38,1.8,3,Electronique,reference_S-8_a_S-1
6998,33.28,9.5,5,Livres,reference_S-8_a_S-1
6999,19.9,1.1,0,Electronique,reference_S-8_a_S-1
7000,41.21,13.7,2,Mode,reference_S-8_a_S-1
7001,39.68,4.6,3,Mode,reference_S-8_a_S-1
7002,49.95,11.2,1,Electronique,reference_S-8_a_S-1
7003,79.14,10.9,0,Electronique,reference_S-8_a_S-1
7004,16.12,38.7,1,Electronique,reference_S-8_a_S-1
7005,76.47,11.9,2,Mode,reference_S-8_a_S-1
7006,13.91,13.1,0,Beaute,reference_S-8_a_S-1
7007,63.67,7.7,6,Mode,reference_S-8_a_S-1
7008,65.04,44.7,5,Electronique,reference_S-8_a_S-1
7009,28.3,22.5,3,Maison,reference_S-8_a_S-1
7010,21.66,5.0,3,Livres,reference_S-8_a_S-1
7011,20.68,27.9,1,Electronique,reference_S-8_a_S-1
7012,44.16,8.5,2,Mode,reference_S-8_a_S-1
7013,67.94,26.5,6,Livres,reference_S-8_a_S-1
7014,37.26,26.0,2,Electronique,reference_S-8_a_S-1
7015,3.49,3.1,5,Maison,reference_S-8_a_S-1
7016,26.81,18.1,5,Electronique,reference_S-8_a_S-1
7017,26.04,5.2,2,Livres,reference_S-8_a_S-1
7018,59.13,5.3,5,Livres,reference_S-8_a_S-1
7019,61.26,5.3,5,Beaute,reference_S-8_a_S-1
7020,46.66,19.4,4,Mode,reference_S-8_a_S-1
7021,76.56,3.9,4,Mode,reference_S-8_a_S-1
7022,80.4,0.0,1,Electronique,reference_S-8_a_S-1
7023,28.12,18.8,0,Beaute,reference_S-8_a_S-1
7024,20.29,2.8,1,Livres,reference_S-8_a_S-1
7025,39.27,1.7,1,Mode,reference_S-8_a_S-1
7026,46.59,4.1,4,Sport,reference_S-8_a_S-1
7027,26.98,7.2,1,Electronique,reference_S-8_a_S-1
7028,240.76,9.7,4,Mode,reference_S-8_a_S-1
7029,102.78,0.7,3,Maison,reference_S-8_a_S-1
7030,24.96,,1,Mode,reference_S-8_a_S-1
7031,16.75,18.9,7,Mode,reference_S-8_a_S-1
7032,23.32,5.9,2,Electronique,reference_S-8_a_S-1
7033,81.36,5.8,7,Beaute,reference_S-8_a_S-1
7034,82.67,8.9,3,Beaute,reference_S-8_a_S-1
7035,103.6,14.8,4,Livres,reference_S-8_a_S-1
7036,19.77,2.4,3,Sport,reference_S-8_a_S-1
7037,58.97,3.1,3,Maison,reference_S-8_a_S-1
7038,21.39,29.4,2,Mode,reference_S-8_a_S-1
7039,118.19,4.4,3,Livres,reference_S-8_a_S-1
7040,20.37,7.2,3,Maison,reference_S-8_a_S-1
7041,13.4,30.8,4,Sport,reference_S-8_a_S-1
7042,15.89,16.3,2,Sport,reference_S-8_a_S-1
7043,41.35,6.3,1,Beaute,reference_S-8_a_S-1
7044,67.29,17.3,3,Electronique,reference_S-8_a_S-1
7045,64.35,0.3,5,Electronique,reference_S-8_a_S-1
7046,16.53,20.0,5,Sport,reference_S-8_a_S-1
7047,30.74,10.0,1,Beaute,reference_S-8_a_S-1
7048,27.61,25.2,1,Sport,reference_S-8_a_S-1
7049,14.42,46.4,5,Mode,reference_S-8_a_S-1
7050,27.08,39.0,2,Mode,reference_S-8_a_S-1
7051,100.75,36.0,9,Sport,reference_S-8_a_S-1
7052,12.62,10.8,1,Sport,reference_S-8_a_S-1
7053,48.87,6.7,5,Maison,reference_S-8_a_S-1
7054,102.26,9.4,7,Mode,reference_S-8_a_S-1
7055,98.87,17.6,4,Livres,reference_S-8_a_S-1
7056,121.73,32.3,4,Maison,reference_S-8_a_S-1
7057,52.32,3.5,2,Sport,reference_S-8_a_S-1
7058,57.84,37.6,5,Electronique,reference_S-8_a_S-1
7059,27.49,25.3,4,Mode,reference_S-8_a_S-1
7060,12.35,57.8,7,Beaute,reference_S-8_a_S-1
7061,37.21,31.8,3,Electronique,reference_S-8_a_S-1
7062,88.02,4.9,5,Maison,reference_S-8_a_S-1
7063,3.41,1.7,5,Maison,reference_S-8_a_S-1
7064,28.52,1.8,2,Sport,reference_S-8_a_S-1
7065,61.78,5.2,4,Mode,reference_S-8_a_S-1
7066,41.77,14.3,2,Electronique,reference_S-8_a_S-1
7067,95.31,24.5,4,Livres,reference_S-8_a_S-1
7068,82.11,34.4,0,Maison,reference_S-8_a_S-1
7069,10.85,14.7,3,Electronique,reference_S-8_a_S-1
7070,44.4,0.1,5,Electronique,reference_S-8_a_S-1
7071,22.31,3.1,3,Livres,reference_S-8_a_S-1
7072,22.06,1.6,2,Electronique,reference_S-8_a_S-1
7073,11.73,6.8,2,Maison,reference_S-8_a_S-1
7074,49.91,10.4,5,Mode,reference_S-8_a_S-1
7075,96.61,0.7,1,Beaute,reference_S-8_a_S-1
7076,53.13,6.4,1,Sport,reference_S-8_a_S-1
7077,10.99,3.0,3,Maison,reference_S-8_a_S-1
7078,40.03,15.6,4,Electronique,reference_S-8_a_S-1
7079,60.1,9.4,1,Beaute,reference_S-8_a_S-1
7080,37.81,10.3,7,Mode,reference_S-8_a_S-1
7081,52.46,8.4,1,Livres,reference_S-8_a_S-1
7082,23.88,46.9,2,Maison,reference_S-8_a_S-1
7083,34.51,3.6,2,Sport,reference_S-8_a_S-1
7084,32.87,10.9,5,Electronique,reference_S-8_a_S-1
7085,108.34,20.0,3,Sport,reference_S-8_a_S-1
7086,16.86,12.2,2,Mode,reference_S-8_a_S-1
7087,4.09,39.7,4,Mode,reference_S-8_a_S-1
7088,103.87,7.1,2,Electronique,reference_S-8_a_S-1
7089,45.52,9.3,2,Electronique,reference_S-8_a_S-1
7090,13.73,1.4,5,Electronique,reference_S-8_a_S-1
7091,77.36,14.1,2,Mode,reference_S-8_a_S-1
7092,62.68,5.1,4,Beaute,reference_S-8_a_S-1
7093,119.9,2.6,0,Mode,reference_S-8_a_S-1
7094,48.2,11.8,8,Sport,reference_S-8_a_S-1
7095,176.37,11.4,1,Electronique,reference_S-8_a_S-1
7096,38.07,1.2,5,Maison,reference_S-8_a_S-1
7097,62.77,18.0,2,Maison,reference_S-8_a_S-1
7098,69.1,,5,Livres,reference_S-8_a_S-1
7099,29.43,3.1,1,Beaute,reference_S-8_a_S-1
7100,28.68,9.5,4,Maison,reference_S-8_a_S-1
7101,70.08,19.1,3,Sport,reference_S-8_a_S-1
7102,12.59,11.3,3,Electronique,reference_S-8_a_S-1
7103,22.18,7.6,2,Maison,reference_S-8_a_S-1
7104,37.26,5.8,2,Electronique,reference_S-8_a_S-1
7105,117.47,14.1,2,Mode,reference_S-8_a_S-1
7106,70.11,42.0,5,Electronique,reference_S-8_a_S-1
7107,44.19,16.7,4,Sport,reference_S-8_a_S-1
7108,27.24,1.2,2,Maison,reference_S-8_a_S-1
7109,148.44,9.3,4,Sport,reference_S-8_a_S-1
7110,39.83,33.2,6,Maison,reference_S-8_a_S-1
7111,22.16,1.5,6,Electronique,reference_S-8_a_S-1
7112,166.84,,2,Sport,reference_S-8_a_S-1
7113,13.17,44.7,1,Beaute,reference_S-8_a_S-1
7114,98.6,1.2,2,Livres,reference_S-8_a_S-1
7115,42.14,40.6,2,Maison,reference_S-8_a_S-1
7116,69.99,6.8,4,Sport,reference_S-8_a_S-1
7117,61.57,27.9,2,Sport,reference_S-8_a_S-1
7118,69.3,8.1,3,Electronique,reference_S-8_a_S-1
7119,176.56,8.7,3,Electronique,reference_S-8_a_S-1
7120,159.46,15.1,4,Electronique,reference_S-8_a_S-1
7121,23.2,22.3,2,Mode,reference_S-8_a_S-1
7122,59.94,0.5,2,Maison,reference_S-8_a_S-1
7123,7.44,13.5,2,Livres,reference_S-8_a_S-1
7124,74.51,3.1,1,Mode,reference_S-8_a_S-1
7125,86.68,6.4,4,Sport,reference_S-8_a_S-1
7126,4.17,6.4,1,Sport,reference_S-8_a_S-1
7127,40.96,9.5,4,Electronique,reference_S-8_a_S-1
7128,69.9,6.1,7,Electronique,reference_S-8_a_S-1
7129,54.06,1.7,4,Maison,reference_S-8_a_S-1
7130,13.44,2.4,2,Sport,reference_S-8_a_S-1
7131,14.94,0.5,2,Livres,reference_S-8_a_S-1
7132,37.35,9.5,6,Mode,reference_S-8_a_S-1
7133,29.43,46.3,1,Beaute,reference_S-8_a_S-1
7134,31.76,1.8,2,Mode,reference_S-8_a_S-1
7135,11.64,43.9,3,Sport,reference_S-8_a_S-1
7136,42.69,19.8,2,Maison,reference_S-8_a_S-1
7137,118.07,15.2,6,Electronique,reference_S-8_a_S-1
7138,14.02,15.5,3,Electronique,reference_S-8_a_S-1
7139,34.97,26.3,3,Electronique,reference_S-8_a_S-1
7140,64.6,1.7,4,Mode,reference_S-8_a_S-1
7141,8.93,10.5,0,Sport,reference_S-8_a_S-1
7142,43.01,17.9,3,Electronique,reference_S-8_a_S-1
7143,84.91,13.3,4,Maison,reference_S-8_a_S-1
7144,17.12,26.8,8,Mode,reference_S-8_a_S-1
7145,46.21,,3,Sport,reference_S-8_a_S-1
7146,80.78,17.6,1,Sport,reference_S-8_a_S-1
7147,170.74,11.5,4,Sport,reference_S-8_a_S-1
7148,44.45,7.2,1,Maison,reference_S-8_a_S-1
7149,22.62,6.2,3,Mode,reference_S-8_a_S-1
7150,22.79,14.5,1,Beaute,reference_S-8_a_S-1
7151,10.95,33.2,6,Electronique,reference_S-8_a_S-1
7152,124.42,10.3,3,Mode,reference_S-8_a_S-1
7153,77.46,26.1,3,Electronique,reference_S-8_a_S-1
7154,14.94,7.7,5,Sport,reference_S-8_a_S-1
7155,21.49,1.6,6,Sport,reference_S-8_a_S-1
7156,43.9,1.0,1,Sport,reference_S-8_a_S-1
7157,84.47,0.8,3,Mode,reference_S-8_a_S-1
7158,60.05,7.2,2,Electronique,reference_S-8_a_S-1
7159,55.97,6.2,3,Livres,reference_S-8_a_S-1
7160,48.52,19.0,3,Maison,reference_S-8_a_S-1
7161,15.73,20.4,3,Mode,reference_S-8_a_S-1
7162,44.34,0.8,1,Maison,reference_S-8_a_S-1
7163,40.39,,1,Electronique,reference_S-8_a_S-1
7164,10.79,4.8,1,Electronique,reference_S-8_a_S-1
7165,122.37,11.9,4,Mode,reference_S-8_a_S-1
7166,25.39,2.3,1,Electronique,reference_S-8_a_S-1
7167,11.1,2.2,2,Electronique,reference_S-8_a_S-1
7168,29.12,43.2,1,Beaute,reference_S-8_a_S-1
7169,33.89,24.5,3,Maison,reference_S-8_a_S-1
7170,39.46,3.0,1,Maison,reference_S-8_a_S-1
7171,33.44,7.8,2,Sport,reference_S-8_a_S-1
7172,41.21,6.6,2,Livres,reference_S-8_a_S-1
7173,46.68,23.5,4,Electronique,reference_S-8_a_S-1
7174,44.9,10.7,3,Beaute,reference_S-8_a_S-1
7175,55.67,2.1,1,Maison,reference_S-8_a_S-1
7176,58.09,20.1,4,Electronique,reference_S-8_a_S-1
7177,59.14,7.6,2,Mode,reference_S-8_a_S-1
7178,69.9,4.6,3,Maison,reference_S-8_a_S-1
7179,23.08,7.1,4,Sport,reference_S-8_a_S-1
7180,23.81,10.3,2,Electronique,reference_S-8_a_S-1
7181,84.74,6.3,3,Maison,reference_S-8_a_S-1
7182,29.85,4.2,4,Sport,reference_S-8_a_S-1
7183,37.78,7.6,2,Mode,reference_S-8_a_S-1
7184,35.21,,2,Beaute,reference_S-8_a_S-1
7185,166.73,22.2,3,Beaute,reference_S-8_a_S-1
7186,19.77,2.8,8,Maison,reference_S-8_a_S-1
7187,19.44,0.7,5,Livres,reference_S-8_a_S-1
7188,41.32,15.9,2,Electronique,reference_S-8_a_S-1
7189,36.0,22.3,3,Electronique,reference_S-8_a_S-1
7190,14.8,25.2,2,Mode,reference_S-8_a_S-1
7191,38.77,10.2,0,Maison,reference_S-8_a_S-1
7192,42.19,3.4,3,Maison,reference_S-8_a_S-1
7193,27.44,20.0,2,Maison,reference_S-8_a_S-1
7194,36.99,18.0,4,Electronique,reference_S-8_a_S-1
7195,21.51,4.2,1,Electronique,reference_S-8_a_S-1
7196,14.83,35.1,3,Beaute,reference_S-8_a_S-1
7197,29.67,1.7,3,Beaute,reference_S-8_a_S-1
7198,17.09,60.8,2,Sport,reference_S-8_a_S-1
7199,12.19,29.5,2,Sport,reference_S-8_a_S-1
7200,5.91,17.5,4,Maison,reference_S-8_a_S-1
7201,49.13,41.9,3,Electronique,reference_S-8_a_S-1
7202,28.86,19.2,4,Mode,reference_S-8_a_S-1
7203,85.08,3.2,2,Sport,reference_S-8_a_S-1
7204,30.86,8.8,2,Maison,reference_S-8_a_S-1
7205,48.96,1.1,2,Electronique,reference_S-8_a_S-1
7206,24.34,7.4,6,Livres,reference_S-8_a_S-1
7207,40.35,20.3,0,Beaute,reference_S-8_a_S-1
7208,5.97,7.3,2,Mode,reference_S-8_a_S-1
7209,29.31,6.0,4,Maison,reference_S-8_a_S-1
7210,19.88,,1,Livres,reference_S-8_a_S-1
7211,79.25,30.9,3,Electronique,reference_S-8_a_S-1
7212,46.68,0.7,4,Maison,reference_S-8_a_S-1
7213,71.82,7.3,2,Maison,reference_S-8_a_S-1
7214,91.43,2.6,2,Mode,reference_S-8_a_S-1
7215,27.38,17.8,3,Beaute,reference_S-8_a_S-1
7216,45.22,1.7,5,Mode,reference_S-8_a_S-1
7217,15.65,16.4,4,Electronique,reference_S-8_a_S-1
7218,54.41,5.1,2,Electronique,reference_S-8_a_S-1
7219,60.15,3.3,1,Electronique,reference_S-8_a_S-1
7220,51.78,41.3,4,Mode,reference_S-8_a_S-1
7221,27.35,0.3,7,Sport,reference_S-8_a_S-1
7222,129.89,8.6,8,Electronique,reference_S-8_a_S-1
7223,42.1,0.3,4,Maison,reference_S-8_a_S-1
7224,15.74,9.9,4,Sport,reference_S-8_a_S-1
7225,64.2,10.4,2,Mode,reference_S-8_a_S-1
7226,80.86,5.8,3,Maison,reference_S-8_a_S-1
7227,16.03,2.1,3,Sport,reference_S-8_a_S-1
7228,33.91,7.1,2,Maison,reference_S-8_a_S-1
7229,10.88,16.7,5,Mode,reference_S-8_a_S-1
7230,93.78,22.9,4,Maison,reference_S-8_a_S-1
7231,38.46,11.3,2,Livres,reference_S-8_a_S-1
7232,19.96,13.4,5,Mode,reference_S-8_a_S-1
7233,81.57,3.4,2,Mode,reference_S-8_a_S-1
7234,41.24,5.1,3,Maison,reference_S-8_a_S-1
7235,74.1,2.6,4,Electronique,reference_S-8_a_S-1
7236,56.9,4.3,1,Maison,reference_S-8_a_S-1
7237,17.62,3.8,6,Mode,reference_S-8_a_S-1
7238,26.59,11.0,3,Electronique,reference_S-8_a_S-1
7239,20.46,12.4,1,Maison,reference_S-8_a_S-1
7240,14.74,43.5,1,Electronique,reference_S-8_a_S-1
7241,8.13,3.3,2,Mode,reference_S-8_a_S-1
7242,146.97,15.4,2,Electronique,reference_S-8_a_S-1
7243,51.09,25.5,2,Electronique,reference_S-8_a_S-1
7244,56.64,12.3,6,Beaute,reference_S-8_a_S-1
7245,87.79,4.4,0,Livres,reference_S-8_a_S-1
7246,26.37,4.6,4,Electronique,reference_S-8_a_S-1
7247,11.71,0.6,4,Maison,reference_S-8_a_S-1
7248,69.68,5.5,5,Mode,reference_S-8_a_S-1
7249,13.7,20.5,4,Maison,reference_S-8_a_S-1
7250,68.54,0.7,3,Mode,reference_S-8_a_S-1
7251,9.95,3.7,3,Mode,reference_S-8_a_S-1
7252,12.75,18.4,4,Sport,reference_S-8_a_S-1
7253,24.21,22.9,3,Electronique,reference_S-8_a_S-1
7254,66.76,9.1,5,Electronique,reference_S-8_a_S-1
7255,118.79,18.0,2,Sport,reference_S-8_a_S-1
7256,56.58,7.4,5,Sport,reference_S-8_a_S-1
7257,25.03,2.6,1,Maison,reference_S-8_a_S-1
7258,78.5,7.6,1,Maison,reference_S-8_a_S-1
7259,9.63,13.0,3,Maison,reference_S-8_a_S-1
7260,18.5,44.4,3,Mode,reference_S-8_a_S-1
7261,44.29,1.1,3,Mode,reference_S-8_a_S-1
7262,71.27,10.6,3,Maison,reference_S-8_a_S-1
7263,35.29,6.0,1,Maison,reference_S-8_a_S-1
7264,32.37,10.6,4,Sport,reference_S-8_a_S-1
7265,33.9,0.4,7,Sport,reference_S-8_a_S-1
7266,87.26,5.6,2,Mode,reference_S-8_a_S-1
7267,21.66,25.7,1,Mode,reference_S-8_a_S-1
7268,17.39,12.1,4,Mode,reference_S-8_a_S-1
7269,33.48,9.0,5,Maison,reference_S-8_a_S-1
7270,95.52,5.0,1,Maison,reference_S-8_a_S-1
7271,23.86,5.3,3,Beaute,reference_S-8_a_S-1
7272,33.82,7.2,4,Sport,reference_S-8_a_S-1
7273,9.46,27.1,1,Beaute,reference_S-8_a_S-1
7274,34.95,51.3,7,Sport,reference_S-8_a_S-1
7275,49.3,8.7,2,Livres,reference_S-8_a_S-1
7276,13.72,7.5,4,Maison,reference_S-8_a_S-1
7277,87.37,28.1,1,Livres,reference_S-8_a_S-1
7278,48.83,8.4,2,Electronique,reference_S-8_a_S-1
7279,27.09,12.0,4,Electronique,reference_S-8_a_S-1
7280,49.1,3.9,4,Maison,reference_S-8_a_S-1
7281,58.98,20.4,3,Livres,reference_S-8_a_S-1
7282,6.89,,5,Mode,reference_S-8_a_S-1
7283,50.49,24.8,1,Electronique,reference_S-8_a_S-1
7284,93.27,22.8,5,Maison,reference_S-8_a_S-1
7285,21.39,3.6,3,Maison,reference_S-8_a_S-1
7286,27.57,18.9,1,Mode,reference_S-8_a_S-1
7287,31.44,24.1,8,Sport,reference_S-8_a_S-1
7288,71.82,6.4,2,Livres,reference_S-8_a_S-1
7289,16.07,2.8,1,Beaute,reference_S-8_a_S-1
7290,57.06,0.0,4,Mode,reference_S-8_a_S-1
7291,31.91,9.0,2,Mode,reference_S-8_a_S-1
7292,122.47,6.5,5,Mode,reference_S-8_a_S-1
7293,33.41,12.1,2,Mode,reference_S-8_a_S-1
7294,3.35,3.1,2,Electronique,reference_S-8_a_S-1
7295,64.78,29.5,0,Sport,reference_S-8_a_S-1
7296,55.0,4.5,4,Mode,reference_S-8_a_S-1
7297,47.31,3.9,1,Beaute,reference_S-8_a_S-1
7298,91.56,9.8,3,Livres,reference_S-8_a_S-1
7299,8.07,10.4,4,Electronique,reference_S-8_a_S-1
7300,18.75,3.6,6,Livres,reference_S-8_a_S-1
7301,40.19,,4,Sport,reference_S-8_a_S-1
7302,45.46,2.8,6,Maison,reference_S-8_a_S-1
7303,35.82,19.0,4,Mode,reference_S-8_a_S-1
7304,9.61,22.1,5,Maison,reference_S-8_a_S-1
7305,27.8,9.3,2,Mode,reference_S-8_a_S-1
7306,116.87,18.8,4,Maison,reference_S-8_a_S-1
7307,15.36,20.0,4,Electronique,reference_S-8_a_S-1
7308,39.51,2.2,1,Maison,reference_S-8_a_S-1
7309,57.21,50.8,2,Mode,reference_S-8_a_S-1
7310,70.39,25.8,4,Electronique,reference_S-8_a_S-1
7311,64.56,3.4,2,Maison,reference_S-8_a_S-1
7312,26.15,3.1,5,Maison,reference_S-8_a_S-1
7313,18.68,2.0,1,Mode,reference_S-8_a_S-1
7314,123.11,2.2,6,Electronique,reference_S-8_a_S-1
7315,75.19,20.7,4,Beaute,reference_S-8_a_S-1
7316,42.42,9.5,0,Maison,reference_S-8_a_S-1
7317,102.25,22.9,5,Electronique,reference_S-8_a_S-1
7318,11.78,20.6,4,Maison,reference_S-8_a_S-1
7319,3.49,13.9,5,Maison,reference_S-8_a_S-1
7320,45.08,17.4,1,Electronique,reference_S-8_a_S-1
7321,46.67,0.3,1,Maison,reference_S-8_a_S-1
7322,10.7,5.6,2,Beaute,reference_S-8_a_S-1
7323,73.34,15.2,0,Sport,reference_S-8_a_S-1
7324,5.57,0.1,2,Electronique,reference_S-8_a_S-1
7325,52.55,0.5,3,Beaute,reference_S-8_a_S-1
7326,61.4,28.6,1,Mode,reference_S-8_a_S-1
7327,44.68,17.3,4,Livres,reference_S-8_a_S-1
7328,9.21,4.6,3,Electronique,reference_S-8_a_S-1
7329,90.91,17.5,3,Maison,reference_S-8_a_S-1
7330,26.88,23.6,5,Maison,reference_S-8_a_S-1
7331,26.95,5.5,3,Electronique,reference_S-8_a_S-1
7332,22.71,0.6,6,Sport,reference_S-8_a_S-1
7333,66.13,,1,Maison,reference_S-8_a_S-1
7334,25.84,6.4,0,Electronique,reference_S-8_a_S-1
7335,14.02,1.7,3,Maison,reference_S-8_a_S-1
7336,79.27,10.2,4,Maison,reference_S-8_a_S-1
7337,38.8,,0,Electronique,reference_S-8_a_S-1
7338,81.16,3.8,1,Livres,reference_S-8_a_S-1
7339,41.02,4.7,1,Beaute,reference_S-8_a_S-1
7340,21.4,4.2,1,Mode,reference_S-8_a_S-1
7341,6.63,71.8,4,Maison,reference_S-8_a_S-1
7342,45.22,3.3,1,Mode,reference_S-8_a_S-1
7343,31.49,12.9,5,Sport,reference_S-8_a_S-1
7344,68.05,38.9,3,Livres,reference_S-8_a_S-1
7345,24.85,2.4,3,Mode,reference_S-8_a_S-1
7346,53.7,53.0,4,Beaute,reference_S-8_a_S-1
7347,39.76,,2,Maison,reference_S-8_a_S-1
7348,19.8,32.4,3,Mode,reference_S-8_a_S-1
7349,26.53,3.6,2,Livres,reference_S-8_a_S-1
7350,11.52,15.1,3,Maison,reference_S-8_a_S-1
7351,128.75,21.5,3,Maison,reference_S-8_a_S-1
7352,52.87,64.1,1,Sport,reference_S-8_a_S-1
7353,10.76,3.0,6,Mode,reference_S-8_a_S-1
7354,124.45,21.8,1,Mode,reference_S-8_a_S-1
7355,15.16,6.2,3,Livres,reference_S-8_a_S-1
7356,24.49,2.9,2,Sport,reference_S-8_a_S-1
7357,33.34,8.2,1,Beaute,reference_S-8_a_S-1
7358,40.5,23.7,3,Mode,reference_S-8_a_S-1
7359,66.79,9.4,8,Maison,reference_S-8_a_S-1
7360,4.96,11.6,1,Livres,reference_S-8_a_S-1
7361,40.98,80.0,3,Mode,reference_S-8_a_S-1
7362,31.99,7.6,3,Electronique,reference_S-8_a_S-1
7363,45.82,14.3,4,Maison,reference_S-8_a_S-1
7364,30.74,6.8,0,Mode,reference_S-8_a_S-1
7365,27.52,7.5,1,Electronique,reference_S-8_a_S-1
7366,36.42,17.8,4,Beaute,reference_S-8_a_S-1
7367,119.96,41.7,5,Livres,reference_S-8_a_S-1
7368,27.96,11.7,4,Maison,reference_S-8_a_S-1
7369,88.15,21.9,0,Sport,reference_S-8_a_S-1
7370,44.4,1.4,1,Beaute,reference_S-8_a_S-1
7371,42.87,3.6,0,Sport,reference_S-8_a_S-1
7372,46.15,10.5,2,Electronique,reference_S-8_a_S-1
7373,57.08,0.3,3,Electronique,reference_S-8_a_S-1
7374,29.76,4.4,2,Electronique,reference_S-8_a_S-1
7375,84.1,10.9,4,Electronique,reference_S-8_a_S-1
7376,57.18,0.2,2,Mode,reference_S-8_a_S-1
7377,12.57,4.6,1,Mode,reference_S-8_a_S-1
7378,3.39,10.8,2,Electronique,reference_S-8_a_S-1
7379,117.54,12.8,1,Electronique,reference_S-8_a_S-1
7380,47.24,39.0,2,Maison,reference_S-8_a_S-1
7381,11.09,15.5,4,Mode,reference_S-8_a_S-1
7382,27.93,8.0,4,Sport,reference_S-8_a_S-1
7383,75.17,40.0,5,Electronique,reference_S-8_a_S-1
7384,34.76,23.0,3,Beaute,reference_S-8_a_S-1
7385,37.26,3.3,1,Livres,reference_S-8_a_S-1
7386,65.82,2.1,2,Sport,reference_S-8_a_S-1
7387,50.59,16.9,1,Sport,reference_S-8_a_S-1
7388,60.17,12.3,2,Livres,reference_S-8_a_S-1
7389,65.34,23.4,4,Electronique,reference_S-8_a_S-1
7390,21.93,20.1,2,Livres,reference_S-8_a_S-1
7391,23.75,14.7,4,Sport,reference_S-8_a_S-1
7392,19.69,64.4,2,Sport,reference_S-8_a_S-1
7393,24.88,11.4,4,Mode,reference_S-8_a_S-1
7394,36.14,1.8,4,Maison,reference_S-8_a_S-1
7395,38.22,26.4,3,Sport,reference_S-8_a_S-1
7396,100.18,4.4,2,Maison,reference_S-8_a_S-1
7397,48.84,22.5,6,Sport,reference_S-8_a_S-1
7398,36.7,47.2,5,Electronique,reference_S-8_a_S-1
7399,16.04,17.9,4,Mode,reference_S-8_a_S-1
7400,31.26,13.6,5,Mode,reference_S-8_a_S-1
7401,123.42,9.3,4,Mode,reference_S-8_a_S-1
7402,122.14,6.8,0,Electronique,reference_S-8_a_S-1
7403,30.96,6.5,1,Electronique,reference_S-8_a_S-1
7404,7.66,15.2,3,Mode,reference_S-8_a_S-1
7405,27.72,20.9,2,Maison,reference_S-8_a_S-1
7406,100.91,17.0,3,Electronique,reference_S-8_a_S-1
7407,36.34,3.3,7,Livres,reference_S-8_a_S-1
7408,65.87,10.2,5,Sport,reference_S-8_a_S-1
7409,39.65,23.5,4,Sport,reference_S-8_a_S-1
7410,10.19,9.7,5,Electronique,reference_S-8_a_S-1
7411,40.73,11.5,2,Maison,reference_S-8_a_S-1
7412,72.02,22.1,4,Maison,reference_S-8_a_S-1
7413,24.59,16.2,8,Livres,reference_S-8_a_S-1
7414,70.72,7.9,2,Sport,reference_S-8_a_S-1
7415,42.69,33.9,1,Maison,reference_S-8_a_S-1
7416,68.14,2.7,1,Beaute,reference_S-8_a_S-1
7417,51.12,81.1,1,Electronique,reference_S-8_a_S-1
7418,17.04,1.9,1,Electronique,reference_S-8_a_S-1
7419,31.52,0.2,1,Sport,reference_S-8_a_S-1
7420,30.71,33.1,5,Electronique,reference_S-8_a_S-1
7421,23.61,4.2,1,Electronique,reference_S-8_a_S-1
7422,48.22,19.6,2,Sport,reference_S-8_a_S-1
7423,138.01,25.0,3,Mode,reference_S-8_a_S-1
7424,84.18,29.4,6,Maison,reference_S-8_a_S-1
7425,91.85,71.7,5,Livres,reference_S-8_a_S-1
7426,22.4,5.2,3,Mode,reference_S-8_a_S-1
7427,92.87,18.6,1,Electronique,reference_S-8_a_S-1
7428,113.77,1.8,4,Electronique,reference_S-8_a_S-1
7429,21.76,7.8,2,Electronique,reference_S-8_a_S-1
7430,55.28,28.3,6,Electronique,reference_S-8_a_S-1
7431,56.33,6.9,3,Electronique,reference_S-8_a_S-1
7432,33.36,13.4,4,Mode,reference_S-8_a_S-1
7433,45.43,10.5,5,Mode,reference_S-8_a_S-1
7434,58.31,15.6,2,Sport,reference_S-8_a_S-1
7435,35.14,54.1,3,Beaute,reference_S-8_a_S-1
7436,81.48,0.9,4,Sport,reference_S-8_a_S-1
7437,12.64,12.8,7,Maison,reference_S-8_a_S-1
7438,30.6,29.8,3,Electronique,reference_S-8_a_S-1
7439,66.78,9.8,2,Sport,reference_S-8_a_S-1
7440,128.64,1.2,5,Mode,reference_S-8_a_S-1
7441,84.98,12.3,3,Electronique,reference_S-8_a_S-1
7442,44.75,6.1,6,Beaute,reference_S-8_a_S-1
7443,36.46,2.5,4,Mode,reference_S-8_a_S-1
7444,32.01,28.4,1,Electronique,reference_S-8_a_S-1
7445,32.16,11.1,5,Beaute,reference_S-8_a_S-1
7446,6.58,40.6,0,Livres,reference_S-8_a_S-1
7447,125.21,24.6,5,Mode,reference_S-8_a_S-1
7448,38.6,17.7,7,Mode,reference_S-8_a_S-1
7449,20.59,0.1,5,Maison,reference_S-8_a_S-1
7450,54.66,8.4,3,Sport,reference_S-8_a_S-1
7451,22.05,3.3,5,Electronique,reference_S-8_a_S-1
7452,76.28,36.3,2,Maison,reference_S-8_a_S-1
7453,21.17,2.9,3,Livres,reference_S-8_a_S-1
7454,68.91,5.1,2,Mode,reference_S-8_a_S-1
7455,31.63,10.9,4,Livres,reference_S-8_a_S-1
7456,49.6,4.6,5,Livres,reference_S-8_a_S-1
7457,72.55,3.5,2,Mode,reference_S-8_a_S-1
7458,26.09,13.7,3,Sport,reference_S-8_a_S-1
7459,71.35,,2,Electronique,reference_S-8_a_S-1
7460,6.93,0.9,1,Sport,reference_S-8_a_S-1
7461,108.04,7.0,3,Sport,reference_S-8_a_S-1
7462,79.9,19.1,5,Electronique,reference_S-8_a_S-1
7463,37.58,12.1,5,Sport,reference_S-8_a_S-1
7464,89.72,8.2,5,Beaute,reference_S-8_a_S-1
7465,83.52,12.5,3,Mode,reference_S-8_a_S-1
7466,40.25,6.8,4,Electronique,reference_S-8_a_S-1
7467,39.92,41.3,2,Electronique,reference_S-8_a_S-1
7468,18.42,0.8,0,Maison,reference_S-8_a_S-1
7469,41.9,16.8,3,Livres,reference_S-8_a_S-1
7470,9.85,33.3,2,Beaute,reference_S-8_a_S-1
7471,68.32,24.4,5,Mode,reference_S-8_a_S-1
7472,69.34,,3,Maison,reference_S-8_a_S-1
7473,7.06,5.3,2,Mode,reference_S-8_a_S-1
7474,101.25,18.9,2,Electronique,reference_S-8_a_S-1
7475,24.21,1.3,1,Maison,reference_S-8_a_S-1
7476,215.45,25.1,3,Maison,reference_S-8_a_S-1
7477,47.74,19.0,7,Maison,reference_S-8_a_S-1
7478,101.91,19.6,0,Livres,reference_S-8_a_S-1
7479,17.89,1.6,6,Maison,reference_S-8_a_S-1
7480,31.58,19.0,4,Maison,reference_S-8_a_S-1
7481,25.98,17.1,0,Electronique,reference_S-8_a_S-1
7482,9.66,26.7,5,Livres,reference_S-8_a_S-1
7483,12.68,0.6,0,Sport,reference_S-8_a_S-1
7484,36.47,0.4,2,Beaute,reference_S-8_a_S-1
7485,53.31,7.0,1,Mode,reference_S-8_a_S-1
7486,16.18,2.4,3,Maison,reference_S-8_a_S-1
7487,30.05,12.3,4,Maison,reference_S-8_a_S-1
7488,21.95,37.4,2,Electronique,reference_S-8_a_S-1
7489,38.37,7.5,3,Sport,reference_S-8_a_S-1
7490,64.74,28.0,1,Livres,reference_S-8_a_S-1
7491,43.58,0.0,3,Electronique,reference_S-8_a_S-1
7492,25.06,2.8,1,Electronique,reference_S-8_a_S-1
7493,81.66,0.5,3,Sport,reference_S-8_a_S-1
7494,52.07,6.0,4,Mode,reference_S-8_a_S-1
7495,44.54,35.8,0,Maison,reference_S-8_a_S-1
7496,16.37,1.5,2,Sport,reference_S-8_a_S-1
7497,75.89,14.0,2,Mode,reference_S-8_a_S-1
7498,55.88,9.0,2,Beaute,reference_S-8_a_S-1
7499,57.96,41.8,2,Maison,reference_S-8_a_S-1
7500,33.78,2.0,7,Beaute,reference_S-8_a_S-1
7501,29.17,3.6,3,Sport,reference_S-8_a_S-1
7502,125.63,0.4,6,Beaute,reference_S-8_a_S-1
7503,28.82,8.5,3,Electronique,reference_S-8_a_S-1
7504,13.47,4.9,4,Electronique,reference_S-8_a_S-1
7505,46.21,30.6,3,Electronique,reference_S-8_a_S-1
7506,39.99,13.9,3,Mode,reference_S-8_a_S-1
7507,84.16,14.3,5,Beaute,reference_S-8_a_S-1
7508,35.82,11.4,1,Maison,reference_S-8_a_S-1
7509,63.3,1.4,4,Beaute,reference_S-8_a_S-1
7510,105.87,8.8,3,Mode,reference_S-8_a_S-1
7511,53.57,114.2,0,Mode,reference_S-8_a_S-1
7512,17.14,27.0,3,Beaute,reference_S-8_a_S-1
7513,54.66,33.6,3,Mode,reference_S-8_a_S-1
7514,30.46,26.0,3,Sport,reference_S-8_a_S-1
7515,48.54,1.6,1,Electronique,reference_S-8_a_S-1
7516,40.22,3.9,2,Livres,reference_S-8_a_S-1
7517,13.19,0.0,3,Maison,reference_S-8_a_S-1
7518,35.66,5.4,2,Sport,reference_S-8_a_S-1
7519,16.27,1.7,3,Electronique,reference_S-8_a_S-1
7520,27.07,9.6,1,Maison,reference_S-8_a_S-1
7521,75.72,17.0,6,Livres,reference_S-8_a_S-1
7522,42.62,31.1,0,Beaute,reference_S-8_a_S-1
7523,60.66,20.7,2,Electronique,reference_S-8_a_S-1
7524,45.22,41.9,1,Mode,reference_S-8_a_S-1
7525,32.2,0.8,1,Mode,reference_S-8_a_S-1
7526,48.64,0.2,4,Electronique,reference_S-8_a_S-1
7527,8.17,16.2,2,Sport,reference_S-8_a_S-1
7528,68.48,,2,Electronique,reference_S-8_a_S-1
7529,20.09,4.4,2,Mode,reference_S-8_a_S-1
7530,58.03,6.0,6,Sport,reference_S-8_a_S-1
7531,31.2,4.7,1,Maison,reference_S-8_a_S-1
7532,13.2,10.7,6,Sport,reference_S-8_a_S-1
7533,23.25,8.7,3,Livres,reference_S-8_a_S-1
7534,58.24,10.8,2,Electronique,reference_S-8_a_S-1
7535,152.7,16.8,5,Sport,reference_S-8_a_S-1
7536,38.31,7.3,6,Electronique,reference_S-8_a_S-1
7537,141.04,4.3,1,Mode,reference_S-8_a_S-1
7538,8.14,2.7,2,Electronique,reference_S-8_a_S-1
7539,33.13,6.4,7,Electronique,reference_S-8_a_S-1
7540,38.33,20.3,8,Mode,reference_S-8_a_S-1
7541,60.39,21.2,3,Mode,reference_S-8_a_S-1
7542,24.03,16.5,4,Beaute,reference_S-8_a_S-1
7543,51.94,4.0,5,Sport,reference_S-8_a_S-1
7544,34.44,13.3,2,Livres,reference_S-8_a_S-1
7545,92.38,12.7,0,Maison,reference_S-8_a_S-1
7546,46.24,9.9,4,Electronique,reference_S-8_a_S-1
7547,203.96,12.0,1,Mode,reference_S-8_a_S-1
7548,34.66,10.2,4,Mode,reference_S-8_a_S-1
7549,88.38,12.5,5,Mode,reference_S-8_a_S-1
7550,107.68,18.9,3,Sport,reference_S-8_a_S-1
7551,2.13,1.7,2,Maison,reference_S-8_a_S-1
7552,67.88,20.8,2,Mode,reference_S-8_a_S-1
7553,33.68,2.2,1,Electronique,reference_S-8_a_S-1
7554,15.05,1.0,6,Electronique,reference_S-8_a_S-1
7555,93.46,56.0,4,Electronique,reference_S-8_a_S-1
7556,25.22,47.2,2,Electronique,reference_S-8_a_S-1
7557,7.62,0.9,3,Sport,reference_S-8_a_S-1
7558,47.07,8.8,4,Electronique,reference_S-8_a_S-1
7559,102.9,3.1,5,Sport,reference_S-8_a_S-1
7560,15.24,10.0,1,Mode,reference_S-8_a_S-1
7561,74.16,26.6,0,Electronique,reference_S-8_a_S-1
7562,5.47,45.1,5,Beaute,reference_S-8_a_S-1
7563,107.83,15.1,1,Maison,reference_S-8_a_S-1
7564,54.34,6.6,4,Electronique,reference_S-8_a_S-1
7565,13.75,13.9,4,Beaute,reference_S-8_a_S-1
7566,69.54,5.6,5,Electronique,reference_S-8_a_S-1
7567,26.43,36.1,2,Electronique,reference_S-8_a_S-1
7568,18.44,30.6,3,Sport,reference_S-8_a_S-1
7569,25.95,12.3,3,Sport,reference_S-8_a_S-1
7570,64.72,5.9,4,Mode,reference_S-8_a_S-1
7571,17.39,5.2,4,Electronique,reference_S-8_a_S-1
7572,3.22,0.5,2,Beaute,reference_S-8_a_S-1
7573,27.08,25.4,1,Mode,reference_S-8_a_S-1
7574,96.06,9.0,3,Electronique,reference_S-8_a_S-1
7575,95.2,5.9,6,Maison,reference_S-8_a_S-1
7576,25.92,9.6,4,Livres,reference_S-8_a_S-1
7577,25.15,25.6,2,Electronique,reference_S-8_a_S-1
7578,23.85,2.0,5,Sport,reference_S-8_a_S-1
7579,22.96,29.2,0,Maison,reference_S-8_a_S-1
7580,24.34,34.2,3,Mode,reference_S-8_a_S-1
7581,48.76,44.0,5,Sport,reference_S-8_a_S-1
7582,97.63,7.6,6,Livres,reference_S-8_a_S-1
7583,17.36,3.7,2,Electronique,reference_S-8_a_S-1
7584,20.46,7.0,4,Electronique,reference_S-8_a_S-1
7585,52.92,6.1,5,Livres,reference_S-8_a_S-1
7586,67.35,2.9,1,Sport,reference_S-8_a_S-1
7587,9.84,14.0,4,Mode,reference_S-8_a_S-1
7588,122.3,9.7,4,Maison,reference_S-8_a_S-1
7589,31.34,30.1,7,Sport,reference_S-8_a_S-1
7590,10.86,0.5,3,Sport,reference_S-8_a_S-1
7591,9.34,15.5,4,Livres,reference_S-8_a_S-1
7592,8.75,21.6,3,Mode,reference_S-8_a_S-1
7593,87.23,21.4,3,Mode,reference_S-8_a_S-1
7594,42.89,32.6,1,Maison,reference_S-8_a_S-1
7595,87.77,19.6,0,Mode,reference_S-8_a_S-1
7596,36.95,39.4,10,Maison,reference_S-8_a_S-1
7597,86.1,6.1,5,Mode,reference_S-8_a_S-1
7598,36.24,10.5,1,Electronique,reference_S-8_a_S-1
7599,60.21,0.2,3,Maison,reference_S-8_a_S-1
7600,38.93,,1,Sport,reference_S-8_a_S-1
7601,34.54,4.1,1,Sport,reference_S-8_a_S-1
7602,18.97,1.6,1,Maison,reference_S-8_a_S-1
7603,66.18,4.5,2,Electronique,reference_S-8_a_S-1
7604,15.31,2.9,0,Mode,reference_S-8_a_S-1
7605,66.1,0.4,3,Sport,reference_S-8_a_S-1
7606,44.37,36.0,2,Mode,reference_S-8_a_S-1
7607,67.35,0.1,9,Sport,reference_S-8_a_S-1
7608,47.28,20.0,2,Maison,reference_S-8_a_S-1
7609,92.59,2.5,5,Electronique,reference_S-8_a_S-1
7610,56.08,36.5,3,Sport,reference_S-8_a_S-1
7611,45.08,33.5,2,Electronique,reference_S-8_a_S-1
7612,2.72,15.9,3,Maison,reference_S-8_a_S-1
7613,95.14,16.7,3,Electronique,reference_S-8_a_S-1
7614,8.64,0.1,3,Electronique,reference_S-8_a_S-1
7615,11.92,62.9,2,Maison,reference_S-8_a_S-1
7616,71.85,31.5,5,Maison,reference_S-8_a_S-1
7617,41.7,33.8,3,Sport,reference_S-8_a_S-1
7618,9.06,16.1,2,Sport,reference_S-8_a_S-1
7619,25.12,6.3,3,Sport,reference_S-8_a_S-1
7620,91.76,33.6,4,Mode,reference_S-8_a_S-1
7621,46.23,5.2,4,Maison,reference_S-8_a_S-1
7622,42.49,12.4,2,Maison,reference_S-8_a_S-1
7623,22.55,1.6,4,Mode,reference_S-8_a_S-1
7624,73.64,38.3,5,Maison,reference_S-8_a_S-1
7625,37.82,2.3,3,Livres,reference_S-8_a_S-1
7626,64.3,3.8,2,Electronique,reference_S-8_a_S-1
7627,20.56,12.3,2,Livres,reference_S-8_a_S-1
7628,153.24,21.7,2,Electronique,reference_S-8_a_S-1
7629,103.25,14.5,2,Mode,reference_S-8_a_S-1
7630,45.86,4.0,4,Mode,reference_S-8_a_S-1
7631,53.55,0.0,2,Maison,reference_S-8_a_S-1
7632,25.33,21.2,3,Electronique,reference_S-8_a_S-1
7633,67.95,63.2,2,Beaute,reference_S-8_a_S-1
7634,3.64,24.9,4,Beaute,reference_S-8_a_S-1
7635,121.05,9.2,6,Sport,reference_S-8_a_S-1
7636,65.19,35.1,5,Maison,reference_S-8_a_S-1
7637,17.04,7.9,4,Livres,reference_S-8_a_S-1
7638,119.08,11.2,3,Beaute,reference_S-8_a_S-1
7639,144.65,9.7,5,Maison,reference_S-8_a_S-1
7640,55.68,8.9,0,Sport,reference_S-8_a_S-1
7641,20.87,22.4,4,Maison,reference_S-8_a_S-1
7642,43.0,11.2,2,Maison,reference_S-8_a_S-1
7643,61.54,5.7,3,Mode,reference_S-8_a_S-1
7644,52.36,4.5,4,Maison,reference_S-8_a_S-1
7645,17.04,0.6,6,Electronique,reference_S-8_a_S-1
7646,60.75,13.1,4,Mode,reference_S-8_a_S-1
7647,91.04,3.9,2,Sport,reference_S-8_a_S-1
7648,13.43,,3,Livres,reference_S-8_a_S-1
7649,15.06,15.9,1,Livres,reference_S-8_a_S-1
7650,24.44,17.1,5,Maison,reference_S-8_a_S-1
7651,35.13,20.9,4,Maison,reference_S-8_a_S-1
7652,74.95,10.5,2,Electronique,reference_S-8_a_S-1
7653,90.36,33.7,4,Sport,reference_S-8_a_S-1
7654,20.07,41.3,2,Electronique,reference_S-8_a_S-1
7655,48.45,24.7,3,Mode,reference_S-8_a_S-1
7656,87.9,15.1,2,Sport,reference_S-8_a_S-1
7657,158.95,5.4,0,Mode,reference_S-8_a_S-1
7658,48.26,61.1,1,Electronique,reference_S-8_a_S-1
7659,50.25,4.8,3,Beaute,reference_S-8_a_S-1
7660,55.93,3.4,3,Mode,reference_S-8_a_S-1
7661,32.23,8.8,7,Electronique,reference_S-8_a_S-1
7662,45.54,0.9,3,Electronique,reference_S-8_a_S-1
7663,4.98,57.6,2,Mode,reference_S-8_a_S-1
7664,25.44,13.3,3,Electronique,reference_S-8_a_S-1
7665,60.08,12.2,5,Sport,reference_S-8_a_S-1
7666,19.02,16.0,4,Mode,reference_S-8_a_S-1
7667,76.17,10.3,4,Beaute,reference_S-8_a_S-1
7668,7.41,0.5,0,Electronique,reference_S-8_a_S-1
7669,74.14,14.2,4,Maison,reference_S-8_a_S-1
7670,74.0,18.9,9,Sport,reference_S-8_a_S-1
7671,160.8,8.1,1,Sport,reference_S-8_a_S-1
7672,31.2,21.2,2,Maison,reference_S-8_a_S-1
7673,41.73,3.9,2,Livres,reference_S-8_a_S-1
7674,113.3,3.8,3,Electronique,reference_S-8_a_S-1
7675,103.79,2.6,4,Maison,reference_S-8_a_S-1
7676,84.02,7.0,6,Beaute,reference_S-8_a_S-1
7677,53.68,28.2,8,Electronique,reference_S-8_a_S-1
7678,111.27,26.4,2,Electronique,reference_S-8_a_S-1
7679,198.33,7.2,6,Electronique,reference_S-8_a_S-1
7680,64.1,13.3,4,Maison,reference_S-8_a_S-1
7681,43.28,19.1,8,Mode,reference_S-8_a_S-1
7682,69.6,4.1,0,Electronique,reference_S-8_a_S-1
7683,47.75,2.8,1,Maison,reference_S-8_a_S-1
7684,33.46,53.7,6,Maison,reference_S-8_a_S-1
7685,76.39,14.4,2,Electronique,reference_S-8_a_S-1
7686,27.59,59.8,3,Mode,reference_S-8_a_S-1
7687,63.18,6.2,1,Maison,reference_S-8_a_S-1
7688,9.48,18.2,3,Livres,reference_S-8_a_S-1
7689,124.63,3.8,1,Sport,reference_S-8_a_S-1
7690,21.41,4.5,2,Sport,reference_S-8_a_S-1
7691,11.7,10.8,4,Mode,reference_S-8_a_S-1
7692,101.41,5.8,6,Mode,reference_S-8_a_S-1
7693,114.3,2.8,2,Maison,reference_S-8_a_S-1
7694,52.88,4.6,2,Beaute,reference_S-8_a_S-1
7695,38.67,0.5,2,Maison,reference_S-8_a_S-1
7696,31.82,18.3,4,Beaute,reference_S-8_a_S-1
7697,50.79,10.2,3,Livres,reference_S-8_a_S-1
7698,40.38,1.5,6,Electronique,reference_S-8_a_S-1
7699,36.63,2.8,3,Electronique,reference_S-8_a_S-1
7700,19.4,1.6,2,Electronique,reference_S-8_a_S-1
7701,14.59,14.2,2,Mode,reference_S-8_a_S-1
7702,44.55,1.5,5,Electronique,reference_S-8_a_S-1
7703,49.65,21.1,3,Beaute,reference_S-8_a_S-1
7704,22.52,0.3,7,Electronique,reference_S-8_a_S-1
7705,25.43,4.3,2,Mode,reference_S-8_a_S-1
7706,49.56,33.2,4,Electronique,reference_S-8_a_S-1
7707,18.93,19.0,2,Livres,reference_S-8_a_S-1
7708,86.25,1.1,2,Sport,reference_S-8_a_S-1
7709,61.4,25.8,2,Livres,reference_S-8_a_S-1
7710,22.34,10.2,4,Livres,reference_S-8_a_S-1
7711,59.18,28.1,3,Maison,reference_S-8_a_S-1
7712,19.36,13.8,6,Electronique,reference_S-8_a_S-1
7713,74.24,17.2,4,Electronique,reference_S-8_a_S-1
7714,20.07,75.5,2,Electronique,reference_S-8_a_S-1
7715,38.08,4.0,2,Sport,reference_S-8_a_S-1
7716,46.62,14.7,4,Electronique,reference_S-8_a_S-1
7717,113.14,9.3,5,Electronique,reference_S-8_a_S-1
7718,21.26,0.6,1,Maison,reference_S-8_a_S-1
7719,20.49,0.2,1,Maison,reference_S-8_a_S-1
7720,10.14,1.9,4,Sport,reference_S-8_a_S-1
7721,135.75,15.7,3,Mode,reference_S-8_a_S-1
7722,42.8,12.6,3,Beaute,reference_S-8_a_S-1
7723,87.67,12.1,2,Maison,reference_S-8_a_S-1
7724,25.82,0.5,4,Electronique,reference_S-8_a_S-1
7725,27.91,9.5,4,Sport,reference_S-8_a_S-1
7726,40.2,38.8,4,Livres,reference_S-8_a_S-1
7727,41.13,7.6,2,Electronique,reference_S-8_a_S-1
7728,67.84,14.7,5,Mode,reference_S-8_a_S-1
7729,43.75,22.7,6,Maison,reference_S-8_a_S-1
7730,30.78,23.0,1,Electronique,reference_S-8_a_S-1
7731,137.43,11.0,4,Beaute,reference_S-8_a_S-1
7732,19.16,29.3,4,Mode,reference_S-8_a_S-1
7733,21.37,7.4,4,Sport,reference_S-8_a_S-1
7734,19.41,32.9,6,Sport,reference_S-8_a_S-1
7735,69.7,4.1,3,Maison,reference_S-8_a_S-1
7736,57.88,4.9,3,Electronique,reference_S-8_a_S-1
7737,36.76,0.8,5,Electronique,reference_S-8_a_S-1
7738,18.51,23.8,2,Electronique,reference_S-8_a_S-1
7739,46.47,8.1,1,Electronique,reference_S-8_a_S-1
7740,76.6,3.9,2,Mode,reference_S-8_a_S-1
7741,116.26,4.0,4,Beaute,reference_S-8_a_S-1
7742,24.88,34.8,3,Mode,reference_S-8_a_S-1
7743,36.66,26.9,1,Sport,reference_S-8_a_S-1
7744,57.48,12.1,5,Mode,reference_S-8_a_S-1
7745,30.53,14.4,1,Sport,reference_S-8_a_S-1
7746,11.93,9.6,5,Livres,reference_S-8_a_S-1
7747,36.8,7.5,2,Electronique,reference_S-8_a_S-1
7748,13.54,37.1,1,Beaute,reference_S-8_a_S-1
7749,81.17,2.0,4,Maison,reference_S-8_a_S-1
7750,32.57,8.1,2,Beaute,reference_S-8_a_S-1
7751,39.73,6.3,3,Sport,reference_S-8_a_S-1
7752,21.87,10.3,2,Mode,reference_S-8_a_S-1
7753,40.93,9.2,1,Electronique,reference_S-8_a_S-1
7754,98.05,11.0,3,Electronique,reference_S-8_a_S-1
7755,87.31,2.3,4,Maison,reference_S-8_a_S-1
7756,15.69,10.8,2,Livres,reference_S-8_a_S-1
7757,1.12,4.2,3,Sport,reference_S-8_a_S-1
7758,37.03,3.1,4,Mode,reference_S-8_a_S-1
7759,32.75,1.0,6,Beaute,reference_S-8_a_S-1
7760,31.14,21.6,2,Sport,reference_S-8_a_S-1
7761,26.26,8.4,5,Mode,reference_S-8_a_S-1
7762,15.34,14.8,2,Electronique,reference_S-8_a_S-1
7763,168.05,19.5,4,Electronique,reference_S-8_a_S-1
7764,135.67,17.1,2,Beaute,reference_S-8_a_S-1
7765,30.06,9.5,1,Beaute,reference_S-8_a_S-1
7766,45.98,7.4,7,Mode,reference_S-8_a_S-1
7767,82.17,7.1,3,Mode,reference_S-8_a_S-1
7768,45.86,15.3,6,Sport,reference_S-8_a_S-1
7769,28.1,10.2,6,Livres,reference_S-8_a_S-1
7770,12.15,28.4,7,Sport,reference_S-8_a_S-1
7771,42.06,31.2,3,Maison,reference_S-8_a_S-1
7772,13.75,2.8,4,Electronique,reference_S-8_a_S-1
7773,93.6,2.2,4,Maison,reference_S-8_a_S-1
7774,40.63,14.9,1,Electronique,reference_S-8_a_S-1
7775,60.84,5.4,9,Beaute,reference_S-8_a_S-1
7776,31.96,0.3,2,Mode,reference_S-8_a_S-1
7777,74.57,32.9,1,Beaute,reference_S-8_a_S-1
7778,24.42,3.9,3,Mode,reference_S-8_a_S-1
7779,51.79,39.7,3,Beaute,reference_S-8_a_S-1
7780,31.0,19.0,3,Mode,reference_S-8_a_S-1
7781,34.91,21.6,2,Mode,reference_S-8_a_S-1
7782,81.44,3.4,3,Maison,reference_S-8_a_S-1
7783,21.72,4.0,4,Electronique,reference_S-8_a_S-1
7784,54.42,11.0,1,Livres,reference_S-8_a_S-1
7785,101.17,2.8,1,Maison,reference_S-8_a_S-1
7786,79.41,5.5,3,Maison,reference_S-8_a_S-1
7787,25.03,5.8,4,Beaute,reference_S-8_a_S-1
7788,59.89,2.6,3,Beaute,reference_S-8_a_S-1
7789,7.42,3.4,0,Maison,reference_S-8_a_S-1
7790,83.33,,6,Livres,reference_S-8_a_S-1
7791,197.96,2.7,6,Electronique,reference_S-8_a_S-1
7792,52.19,0.4,1,Electronique,reference_S-8_a_S-1
7793,104.54,14.9,3,Maison,reference_S-8_a_S-1
7794,11.58,55.9,2,Mode,reference_S-8_a_S-1
7795,16.95,6.0,3,Maison,reference_S-8_a_S-1
7796,31.86,1.9,3,Mode,reference_S-8_a_S-1
7797,36.78,12.7,4,Mode,reference_S-8_a_S-1
7798,52.43,35.5,3,Beaute,reference_S-8_a_S-1
7799,25.14,23.0,4,Maison,reference_S-8_a_S-1
7800,46.34,14.6,4,Livres,reference_S-8_a_S-1
7801,81.33,5.7,3,Sport,reference_S-8_a_S-1
7802,59.73,11.7,2,Mode,reference_S-8_a_S-1
7803,31.03,1.4,4,Mode,reference_S-8_a_S-1
7804,70.49,17.0,3,Mode,reference_S-8_a_S-1
7805,29.96,19.4,4,Beaute,reference_S-8_a_S-1
7806,44.45,50.3,2,Electronique,reference_S-8_a_S-1
7807,78.49,4.5,3,Electronique,reference_S-8_a_S-1
7808,36.02,0.3,3,Livres,reference_S-8_a_S-1
7809,13.56,11.8,4,Maison,reference_S-8_a_S-1
7810,43.52,18.4,2,Electronique,reference_S-8_a_S-1
7811,78.97,23.4,4,Electronique,reference_S-8_a_S-1
7812,83.96,3.2,2,Beaute,reference_S-8_a_S-1
7813,16.3,4.6,3,Beaute,reference_S-8_a_S-1
7814,68.54,10.8,4,Mode,reference_S-8_a_S-1
7815,34.35,6.0,4,Mode,reference_S-8_a_S-1
7816,109.2,29.5,4,Beaute,reference_S-8_a_S-1
7817,13.84,9.6,2,Sport,reference_S-8_a_S-1
7818,67.64,24.1,0,Beaute,reference_S-8_a_S-1
7819,31.45,13.0,3,Maison,reference_S-8_a_S-1
7820,25.48,22.2,2,Livres,reference_S-8_a_S-1
7821,80.91,6.1,3,Mode,reference_S-8_a_S-1
7822,89.69,26.7,1,Electronique,reference_S-8_a_S-1
7823,5.12,4.8,3,Sport,reference_S-8_a_S-1
7824,81.9,11.8,3,Maison,reference_S-8_a_S-1
7825,39.5,3.6,2,Beaute,reference_S-8_a_S-1
7826,42.6,9.7,0,Electronique,reference_S-8_a_S-1
7827,13.1,5.7,5,Beaute,reference_S-8_a_S-1
7828,64.52,4.7,4,Mode,reference_S-8_a_S-1
7829,170.74,51.2,2,Sport,reference_S-8_a_S-1
7830,26.82,2.6,2,Electronique,reference_S-8_a_S-1
7831,95.5,23.2,2,Maison,reference_S-8_a_S-1
7832,41.42,62.2,2,Sport,reference_S-8_a_S-1
7833,27.73,0.3,5,Mode,reference_S-8_a_S-1
7834,10.68,18.0,6,Electronique,reference_S-8_a_S-1
7835,104.68,4.4,3,Maison,reference_S-8_a_S-1
7836,45.36,0.6,3,Beaute,reference_S-8_a_S-1
7837,28.94,7.7,1,Mode,reference_S-8_a_S-1
7838,33.03,41.1,2,Mode,reference_S-8_a_S-1
7839,68.18,0.2,4,Mode,reference_S-8_a_S-1
7840,28.9,13.3,3,Livres,reference_S-8_a_S-1
7841,18.36,10.4,2,Mode,reference_S-8_a_S-1
7842,38.1,31.0,3,Electronique,reference_S-8_a_S-1
7843,37.2,1.3,0,Sport,reference_S-8_a_S-1
7844,36.56,17.2,2,Sport,reference_S-8_a_S-1
7845,29.21,17.1,1,Electronique,reference_S-8_a_S-1
7846,97.72,16.6,3,Livres,reference_S-8_a_S-1
7847,211.2,42.8,4,Maison,reference_S-8_a_S-1
7848,16.34,26.0,5,Maison,reference_S-8_a_S-1
7849,4.15,0.6,1,Mode,reference_S-8_a_S-1
7850,34.53,9.6,6,Beaute,reference_S-8_a_S-1
7851,4.85,7.6,1,Electronique,reference_S-8_a_S-1
7852,9.59,5.6,1,Mode,reference_S-8_a_S-1
7853,27.22,9.0,1,Electronique,reference_S-8_a_S-1
7854,67.84,7.3,2,Sport,reference_S-8_a_S-1
7855,34.21,,5,Maison,reference_S-8_a_S-1
7856,2.78,58.1,3,Maison,reference_S-8_a_S-1
7857,33.86,1.4,3,Electronique,reference_S-8_a_S-1
7858,35.89,38.3,5,Sport,reference_S-8_a_S-1
7859,36.37,9.8,4,Sport,reference_S-8_a_S-1
7860,88.13,14.7,2,Mode,reference_S-8_a_S-1
7861,78.31,26.6,1,Beaute,reference_S-8_a_S-1
7862,44.04,6.7,2,Mode,reference_S-8_a_S-1
7863,149.62,8.4,4,Sport,reference_S-8_a_S-1
7864,27.15,7.9,2,Electronique,reference_S-8_a_S-1
7865,37.72,7.0,3,Maison,reference_S-8_a_S-1
7866,40.88,39.0,4,Livres,reference_S-8_a_S-1
7867,10.56,26.5,5,Livres,reference_S-8_a_S-1
7868,41.54,1.7,0,Mode,reference_S-8_a_S-1
7869,8.53,1.7,5,Mode,reference_S-8_a_S-1
7870,23.69,8.4,7,Electronique,reference_S-8_a_S-1
7871,45.55,1.6,3,Beaute,reference_S-8_a_S-1
7872,12.42,14.5,3,Maison,reference_S-8_a_S-1
7873,53.25,2.3,2,Mode,reference_S-8_a_S-1
7874,20.53,11.1,5,Electronique,reference_S-8_a_S-1
7875,30.94,0.1,2,Livres,reference_S-8_a_S-1
7876,60.15,5.7,5,Maison,reference_S-8_a_S-1
7877,39.07,17.0,2,Mode,reference_S-8_a_S-1
7878,52.36,9.9,1,Mode,reference_S-8_a_S-1
7879,57.52,57.4,3,Mode,reference_S-8_a_S-1
7880,38.57,31.1,3,Maison,reference_S-8_a_S-1
7881,54.58,6.7,2,Livres,reference_S-8_a_S-1
7882,23.34,0.7,5,Beaute,reference_S-8_a_S-1
7883,59.63,28.0,2,Maison,reference_S-8_a_S-1
7884,34.7,36.3,8,Beaute,reference_S-8_a_S-1
7885,99.43,25.8,4,Mode,reference_S-8_a_S-1
7886,46.27,2.1,6,Mode,reference_S-8_a_S-1
7887,26.3,92.6,4,Livres,reference_S-8_a_S-1
7888,60.38,4.5,1,Mode,reference_S-8_a_S-1
7889,102.35,19.3,6,Mode,reference_S-8_a_S-1
7890,28.35,35.8,5,Livres,reference_S-8_a_S-1
7891,24.49,4.0,8,Electronique,reference_S-8_a_S-1
7892,1.42,35.8,2,Sport,reference_S-8_a_S-1
7893,46.18,5.6,2,Livres,reference_S-8_a_S-1
7894,32.0,56.2,5,Maison,reference_S-8_a_S-1
7895,60.2,5.0,4,Electronique,reference_S-8_a_S-1
7896,61.13,46.0,4,Mode,reference_S-8_a_S-1
7897,11.07,0.8,5,Electronique,reference_S-8_a_S-1
7898,78.07,18.5,3,Mode,reference_S-8_a_S-1
7899,21.51,11.4,3,Sport,reference_S-8_a_S-1
7900,28.48,9.7,6,Mode,reference_S-8_a_S-1
7901,53.48,3.8,2,Mode,reference_S-8_a_S-1
7902,15.32,18.3,3,Maison,reference_S-8_a_S-1
7903,24.71,3.2,3,Maison,reference_S-8_a_S-1
7904,13.98,12.1,2,Beaute,reference_S-8_a_S-1
7905,82.79,4.4,1,Mode,reference_S-8_a_S-1
7906,30.55,46.7,1,Beaute,reference_S-8_a_S-1
7907,12.66,0.4,2,Maison,reference_S-8_a_S-1
7908,13.58,3.3,2,Mode,reference_S-8_a_S-1
7909,73.62,4.2,1,Mode,reference_S-8_a_S-1
7910,19.82,8.0,0,Mode,reference_S-8_a_S-1
7911,27.94,4.0,2,Maison,reference_S-8_a_S-1
7912,42.89,10.1,8,Electronique,reference_S-8_a_S-1
7913,32.31,30.9,4,Livres,reference_S-8_a_S-1
7914,6.12,18.7,3,Maison,reference_S-8_a_S-1
7915,64.88,13.0,4,Livres,reference_S-8_a_S-1
7916,34.28,,4,Electronique,reference_S-8_a_S-1
7917,51.92,,1,Mode,reference_S-8_a_S-1
7918,68.28,2.7,6,Electronique,reference_S-8_a_S-1
7919,4.51,23.2,2,Mode,reference_S-8_a_S-1
7920,68.73,4.3,1,Beaute,reference_S-8_a_S-1
7921,185.51,8.1,7,Electronique,reference_S-8_a_S-1
7922,56.04,6.5,3,Mode,reference_S-8_a_S-1
7923,100.5,29.4,3,Electronique,reference_S-8_a_S-1
7924,80.86,,5,Mode,reference_S-8_a_S-1
7925,66.96,12.5,2,Beaute,reference_S-8_a_S-1
7926,82.85,2.3,2,Maison,reference_S-8_a_S-1
7927,92.64,18.3,1,Sport,reference_S-8_a_S-1
7928,95.15,35.3,3,Mode,reference_S-8_a_S-1
7929,13.54,8.6,2,Livres,reference_S-8_a_S-1
7930,86.38,10.0,8,Sport,reference_S-8_a_S-1
7931,33.88,39.3,0,Mode,reference_S-8_a_S-1
7932,97.49,11.0,5,Mode,reference_S-8_a_S-1
7933,59.62,10.0,1,Livres,reference_S-8_a_S-1
7934,13.34,13.0,4,Maison,reference_S-8_a_S-1
7935,106.63,17.5,2,Sport,reference_S-8_a_S-1
7936,21.6,1.7,4,Mode,reference_S-8_a_S-1
7937,32.55,25.8,4,Electronique,reference_S-8_a_S-1
7938,123.63,8.6,3,Sport,reference_S-8_a_S-1
7939,46.5,1.1,2,Maison,reference_S-8_a_S-1
7940,31.41,23.1,1,Maison,reference_S-8_a_S-1
7941,39.29,7.1,2,Maison,reference_S-8_a_S-1
7942,30.87,1.6,1,Electronique,reference_S-8_a_S-1
7943,73.52,15.1,2,Sport,reference_S-8_a_S-1
7944,31.65,31.8,1,Livres,reference_S-8_a_S-1
7945,40.35,32.8,1,Beaute,reference_S-8_a_S-1
7946,63.28,47.4,3,Mode,reference_S-8_a_S-1
7947,58.35,30.3,1,Mode,reference_S-8_a_S-1
7948,23.22,0.0,3,Beaute,reference_S-8_a_S-1
7949,74.14,7.2,2,Maison,reference_S-8_a_S-1
7950,27.12,25.6,3,Maison,reference_S-8_a_S-1
7951,16.6,6.8,2,Livres,reference_S-8_a_S-1
7952,6.85,13.8,4,Maison,reference_S-8_a_S-1
7953,36.2,14.0,1,Maison,reference_S-8_a_S-1
7954,8.65,6.8,3,Electronique,reference_S-8_a_S-1
7955,20.45,35.2,3,Electronique,reference_S-8_a_S-1
7956,41.15,10.5,4,Electronique,reference_S-8_a_S-1
7957,91.27,9.4,4,Livres,reference_S-8_a_S-1
7958,33.25,90.0,4,Mode,reference_S-8_a_S-1
7959,10.81,,3,Maison,reference_S-8_a_S-1
7960,38.27,2.9,4,Beaute,reference_S-8_a_S-1
7961,88.85,10.8,5,Maison,reference_S-8_a_S-1
7962,32.64,25.2,3,Maison,reference_S-8_a_S-1
7963,101.96,22.5,3,Mode,reference_S-8_a_S-1
7964,40.97,23.3,2,Beaute,reference_S-8_a_S-1
7965,68.91,18.5,3,Electronique,reference_S-8_a_S-1
7966,49.12,4.4,4,Electronique,reference_S-8_a_S-1
7967,98.64,29.7,2,Electronique,reference_S-8_a_S-1
7968,156.16,33.6,7,Mode,reference_S-8_a_S-1
7969,28.27,3.2,4,Mode,reference_S-8_a_S-1
7970,47.0,2.1,2,Sport,reference_S-8_a_S-1
7971,91.22,55.7,2,Electronique,reference_S-8_a_S-1
7972,50.4,30.4,1,Sport,reference_S-8_a_S-1
7973,6.45,33.6,2,Electronique,reference_S-8_a_S-1
7974,33.05,32.6,3,Electronique,reference_S-8_a_S-1
7975,50.09,11.7,6,Maison,reference_S-8_a_S-1
7976,117.2,15.6,5,Livres,reference_S-8_a_S-1
7977,45.1,11.8,3,Beaute,reference_S-8_a_S-1
7978,19.23,0.8,2,Livres,reference_S-8_a_S-1
7979,50.97,20.5,4,Sport,reference_S-8_a_S-1
7980,109.38,10.6,2,Sport,reference_S-8_a_S-1
7981,24.64,15.6,3,Maison,reference_S-8_a_S-1
7982,27.42,10.5,4,Maison,reference_S-8_a_S-1
7983,24.97,10.2,1,Electronique,reference_S-8_a_S-1
7984,12.37,2.8,9,Maison,reference_S-8_a_S-1
7985,43.58,4.9,4,Mode,reference_S-8_a_S-1
7986,39.77,2.6,3,Mode,reference_S-8_a_S-1
7987,7.34,3.3,3,Maison,reference_S-8_a_S-1
7988,20.62,54.2,2,Electronique,reference_S-8_a_S-1
7989,48.03,2.5,2,Mode,reference_S-8_a_S-1
7990,67.77,4.7,4,Electronique,reference_S-8_a_S-1
7991,81.09,13.4,2,Livres,reference_S-8_a_S-1
7992,71.67,14.1,2,Electronique,reference_S-8_a_S-1
7993,41.61,2.5,2,Mode,reference_S-8_a_S-1
7994,10.35,23.7,3,Beaute,reference_S-8_a_S-1
7995,34.81,23.1,2,Maison,reference_S-8_a_S-1
7996,2.39,4.1,3,Electronique,reference_S-8_a_S-1
7997,48.2,5.1,3,Mode,reference_S-8_a_S-1
7998,23.91,41.7,3,Electronique,reference_S-8_a_S-1
7999,4.35,26.2,3,Electronique,reference_S-8_a_S-1
